scientificName	gbifapi_usageKey	gbifapi_acceptedScientificName	gbifapi_acceptedKey	status	remark	accordingTo
×Reyllopia conollyana (J.P.Bailey) Galasso	4038524	Fallopia ×conollyana J.P.Bailey	5652288	ok: SYNONYM probably valid	unresolved, suggested synonym in same direction	http://www.theplantlist.org/tpl1.1/record/kew-2897210
Abronia fragrans Nutt.	8690876	Abronia fragrans Nutt. ex Hook.	5384889	ok: SYNONYM author variation	ex author	
Abutilon ×suntense C. D. Brickell	3935725	Corynabutilon ×suntense (C. D. Brickell) Fryxell	3937506	ok: SYNONYM valid	synonym in same direction	http://www.theplantlist.org/tpl1.1/record/kew-2610996
Acer cissifolium (Siebold & Zucc.) K. Koch	3768287	Acer cissifolium (Sieb. & Zucc.) C. Koch	7877018	ok: SYNONYM author variation	author variation	
Acer japonicum Thunb.	3767816	Acer japonicum C.P. Thunberg ex A. Murray	8010851	ok: SYNONYM author variation	ex author	
Acer palmatum Thunb.	3189882	Acer palmatum C.P. Thunberg ex A. Murray	7912328	ok: SYNONYM author variation	ex author	
Achillea cartilaginea Ledeb. ex Rchb.	3120381	Aspilia latissima Malme	5396219	verify: SYNONYM probably invalid	considered synonym of Achillea salicifolia Besser	http://www.theplantlist.org/tpl1.1/record/gcc-144689
Achillea collina Becker ex Rchb.	7925124	Achillea collina (Becker ex Wirtg.) Heimerl	7767460	ok: SYNONYM probably valid	other author, should be verified further	
Achillea setacea Waldst. & Kit.	3120066	Aspilia silphioides (Hook. & Arn.) Benth. & Hook.f.	5396294	verify: SYNONYM probably invalid	considered accepted	http://www.theplantlist.org/tpl1.1/record/gcc-109561
Aconitum napellus var. giganteum (Dumort. ex Thielens) J. Duvigneaud	3922770	Aconitum napellus subsp. lusitanicum Rouy	7707872	verify: SYNONYM unresolved	not in The Plants List	
Aconitum stoerkianum Rchb.	3920712	Aconitum degenii subsp. paniculatum (Arcang.) W. Mucher	3922667	verify: SYNONYM probably invalid	considered synonym of Aconitum × cammarum L.	http://www.theplantlist.org/tpl1.1/record/kew-2619557
Aconogonum campanulatum (Hook. f.) H. Hara	8171323	Aconogonon campanulatum (Hook. fil.) Hara	6391389	ok: SYNONYM author variation	author variation	
Actinidia deliciosa (Chev.) C.F. Liang & A.R. Ferguson	7270761	Actinidia chinensis var. hispida C.F. Liang	3644922	ok: SYNONYM probably valid	synonym in other direction	http://www.theplantlist.org/tpl1.1/record/kew-2620664
Aesculus pavia var. discolor (Pursh) Torr. & A.Gray	3672324	Aesculus pavia L.	3189807	ok: SYNONYM valid	synonym in same direction	http://www.theplantlist.org/tpl1.1/record/kew-2624569
Agropyron cristatum subsp. pectinatum (M.Bieb.) Tzvelev	4270510	Agropyron cristatum (L.) Gaertn.	2705196	ok: SYNONYM valid	synonym in same direction	http://www.theplantlist.org/tpl1.1/record/kew-388336
Agrostemma gracile Boiss.	7534154	Agrostemma brachyloba (Fenzl) K. Hammer	3085366	ok: SYNONYM valid	synonym in same direction	http://www.theplantlist.org/tpl1.1/record/tro-50090721
Agrostis lachnantha Nees	4121178	Lachnagrostis lachnantha (Nees) Rúgolo & A.M.Molina	4135892	ok: SYNONYM probably valid	synonym in other direction	http://www.theplantlist.org/tpl1.1/record/kew-389809
Agrostis scabra Willd.	2706444	Lachnagrostis rudis (Roem. & Schult.) Trin.	4135595	verify: SYNONYM probably invalid	considered accepted	http://www.theplantlist.org/tpl1.1/record/kew-390266
Alcea ficifolia L.	5406791	Alcea rosea L.	5406789	verify: SYNONYM probably invalid	considered synonym of Alcea rosea subsp. ficifolia (L.) Govaerts	http://www.theplantlist.org/tpl1.1/record/kew-2627647
Allium porrum L.	7668251	Allium ampeloprasum L.	2856037	ok: SYNONYM valid	synonym in same direction	http://www.theplantlist.org/tpl1.1/record/kew-296308
Alternanthera nodiflora R. Br.	7323675	Alternanthera sessilis (L.) R. Br. ex DC.	3084939	ok: SYNONYM valid	synonym in same direction	http://www.theplantlist.org/tpl1.1/record/kew-2631315
Amaranthus acutilobus Uline & W. L. Bray	5384333	Euxolus viridis (L.) Moq.	3085085	verify: SYNONYM probably invalid	considered synonym of Amaranthus viridis L.	http://www.theplantlist.org/tpl1.1/record/kew-2632641
Amaranthus capensis subsp. uncinatus (Thell.) Brenan	5548011	Amaranthus capensis Thell.	7323340	ok: SYNONYM valid	synonym in same direction	http://www.theplantlist.org/tpl1.1/record/kew-2632746
Amaranthus cruentus L.	5384390	Amaranthus hybridus L.	5384364	verify: SYNONYM probably invalid	considered 2 accepted species	http://www.theplantlist.org/tpl1.1/record/kew-2632793
Amaranthus hybridus subsp. quitensis (Kunth) Costea & Carretero	5547857	Amaranthus hybridus L.	5384364	verify: SYNONYM probably invalid	considered 2 accepted species	http://www.theplantlist.org/tpl1.1/record/kew-2632905
Amaranthus hybridus var. pseudoretroflexus (Thellung) Carretero	5547860	Amaranthus powellii S. Watson	5384359	ok: SYNONYM valid	synonym in same direction	http://www.theplantlist.org/tpl1.1/record/kew-2632903
Amaranthus hypochondriacus L.	6109718	Amaranthus hybridus subsp. hypochondriacus (L.) Thell.	5384380	verify: SYNONYM probably invalid	considered accepted	http://www.theplantlist.org/tpl1.1/record/kew-2632908
Amaranthus macrocarpus var. pallidus Benth.	5548724	Amaranthus macrocarpus Benth.	7323833	ok: SYNONYM valid	synonym in same direction	http://www.theplantlist.org/tpl1.1/record/kew-2632957
Amaranthus tuberculatus var. rudis (J.D. Sauer) Costea & Tardif	5548360	Amaranthus rudis J. D. Sauer	5384345	verify: SYNONYM probably invalid	considered synonym of Amaranthus tuberculatus (Moq.) Sauer.	http://www.theplantlist.org/tpl1.1/record/kew-2633142
Amaranthus viridis L.	5384334	Euxolus viridis (L.) Moq.	3085085	verify: SYNONYM probably invalid	considered accepted	http://www.theplantlist.org/tpl1.1/record/kew-2633159
Amelanchier spicata (Lam.) K. Koch	3023852	Amelanchier humilis Wiegand	3023903	verify: SYNONYM probably invalid	considered accepted	http://www.theplantlist.org/tpl1.1/record/rjp-7454
Ammi visnaga (L.) Lam.	3034183	Visnaga daucoides Gaertn.	5371753	ok: SYNONYM probably valid	synonym in other direction	http://www.theplantlist.org/tpl1.1/record/kew-2633893
Amphiachyris dracunculoides (DC.) Nutt.	3110041	Gutierrezia dracunculoides (DC.) O.Hoffm.	7522544	verify: SYNONYM probably invalid	considered accepted	http://www.theplantlist.org/tpl1.1/record/gcc-143484
Amphibromus recurvatus Swallen	4105652	Helictotrichon recurvatum (Swallen) Cope & Ryves	4152236	ok: SYNONYM valid	synonym in same direction	http://www.theplantlist.org/tpl1.1/record/kew-391675
Amsinckia micrantha Suksdorf	4058401	Amsinckia menziesii (Lehm.) A. Nels. Macbr.	2925870	ok: SYNONYM valid	synonym in same direction	http://www.theplantlist.org/tpl1.1/record/kew-2635060
Amsinckia retrorsa Suksd.	4067952	Amsinckia menziesii (Lehm.) A. Nels. Macbr.	2925870	ok: SYNONYM valid	synonym in same direction	http://www.theplantlist.org/tpl1.1/record/kew-2635117
Anacyclus radiatus Loisel.	3148560	Porophyllum ruderale subsp. macrocephalum (DC.) R.R.Johnson	4221876	verify: SYNONYM probably invalid	considered accepted	http://www.theplantlist.org/tpl1.1/record/gcc-25867
Anacyclus valentinus L.	3148548	Porophyllum leiocarpum (Urb.) Rydb.	3103970	verify: SYNONYM probably invalid	considered accepted	http://www.theplantlist.org/tpl1.1/record/gcc-103100
Anchusa azurea Mill.	5341198	Anchusa italica Retz.	5341199	ok: SYNONYM probably valid	synonym in other direction	http://www.theplantlist.org/tpl1.1/record/kew-2636472
Anguillicola crassus Kuwahara, Niimi & Itagaki, 1974	4346612	Anguillicoloides crassus (Kuwahara, Niimi & Itagaki, 1974)	5890148	ok: SYNONYM author variation	author variation	
Anthoxanthum nitens (Weber) Y.Schouten & Veldkamp	2703346	Hierochloe odorata (L.) P.Beauv.	2703336	ok: SYNONYM probably valid	synonym in other direction	http://alienplantsbelgium.be/taxonomy/term/5756/descriptions
Arabis alpina subsp. caucasica (Willd. ex Schlecht.) Briq.	8609335	Arabis caucasica Willd.	5374922	ok: SYNONYM valid	synonym in same direction	http://www.theplantlist.org/tpl1.1/record/kew-2645301
Armeria arenaria Schult.	7136543	Armeria maritima subsp. maritima	3082290	verify: SYNONYM probably invalid	considered accepted	http://www.theplantlist.org/tpl1.1/record/kew-2652246
Aronia melanocarpa (Michx.) Elliott	5363627	Photinia melanocarpa (Michx.) K.R. Robertson & Phipps	5363674	ok: SYNONYM probably valid	synonym in other direction	http://www.theplantlist.org/tpl1.1/record/rjp-912
Aronia prunifolia (Marsh.) Rehd.	5363613	Photinia floribunda (Lindl.) K.R. Robertson & J.B. Phipps	5364001	verify: SYNONYM probably invalid	considered 2 accepted species	http://www.theplantlist.org/tpl1.1/record/rjp-1172
Artemisia afra Jacq.	8078031	Ptilostemon afer (Jacq.) Greuter	3096857	verify: SYNONYM unresolved	unresolved, no further info	http://www.theplantlist.org/tpl1.1/record/gcc-24639
Aspius aspius (Linnaeus, 1758)	2360181	Leuciscus aspius (Linnaeus, 1758)	5851603	ok: SYNONYM valid		Hugo Verreycken
Aster divaricatus L.	7659971	Croptilon divaricatum (Nutt.) Raf.	3139628	verify: SYNONYM probably invalid	considered synonym of Eurybia divaricata	http://www.theplantlist.org/tpl1.1/record/gcc-31265
Aster laevis L.	5406475	Symphyotrichum laeve (L.) Á.Löve & D.Löve	8421156	ok: SYNONYM valid	synonym in same direction, accepted name is in plants	http://www.theplantlist.org/tpl1.1/record/gcc-92488
Aster novi-belgii L.	5406382	Symphyotrichum novi-belgii (L.) G.L.Nesom	3151558	ok: SYNONYM valid	synonym in same direction	http://alienplantsbelgium.be/taxonomy/term/3281/descriptions
Austrodanthonia setacea (R.Br.) H.P.Linder	4107735	Rytidosperma setaceum (R.Br.) Connor & Edgar	4135683	ok: SYNONYM valid	synonym in same direction	http://www.theplantlist.org/tpl1.1/record/kew-397191
Austrodanthonia tenuior (Steud.) H.P.Linder	4107725	Rytidosperma tenuius (Steud.) O.E.Erikss., A.Hansen & Sunding	4135606	ok: SYNONYM valid	synonym in same direction	http://www.theplantlist.org/tpl1.1/record/kew-397192
Avena hispanica Ard.	8027936	Avena strigosa Schreb.	2705295	ok: SYNONYM valid	synonym in same direction	http://www.theplantlist.org/tpl1.1/record/kew-469066
Avena matritensis B.R.Baum	4152909	Avena barbata Pott ex Link	2705300	ok: SYNONYM valid	synonym in same direction	http://www.theplantlist.org/tpl1.1/record/kew-397679
Avena sterilis subsp. ludoviciana (Durieu) Nyman	2705287	Avena sterilis subsp. ludoviciana (Durieu) Gillet & Magne	8429888	ok: SYNONYM probably valid	other author, should be verified further	
Barbarea stricta Andrz.	7560578	Barbarea stricta Andrz. ex Besser	5374614	ok: SYNONYM author variation	ex author	
Berberis wagneri Hort.	8621680	Berberis pinnata subsp. pinnata	6403380	verify: SYNONYM unresolved	unresolved, no further info	http://www.theplantlist.org/tpl1.1/record/kew-2674639
Bergenia schmidtii (Regel) Silva Tarouca	5567657	Bergenia ciliata (Haw.) Sternb.	8330218	verify: SYNONYM unresolved	unresolved, no further info	http://www.theplantlist.org/tpl1.1/record/kew-2674829
Bidens frondosa Buch.-Ham.	8662049	Bidens frondosa Buch.-Ham. ex Hook.f.	8359115	ok: SYNONYM author variation	ex author	
Bidens frondosa var. anomala Porter ex Fernald	5700912	Bidens frondosa L.	5392174	ok: SYNONYM probably valid	unresolved, suggested synonym in same direction	http://www.theplantlist.org/tpl1.1/record/gcc-58109
Bidens frondosa var. frondosa	7872129	Bidens frondosa L.	5392174	ok: SYNONYM valid	synonym in same direction	http://www.theplantlist.org/tpl1.1/record/gcc-9751
Bidens triplinervia var. macrantha (Wedd.) Sherff	8323119	Bidens triplinervia Kunth	5391928	verify: SYNONYM unresolved	not in The Plant List	
Bifora testiculata (L.) Spreng.	5371869	Bifora testiculata (L.) Roth	7412216	ok: SYNONYM probably valid	other author, should be verified further	
Biserrula pelecinus L.	2938473	Astragalus pelecinus subsp. pelecinus	7068263	verify: SYNONYM unresolved	considered synonym of Astragalus pelecinus	http://www.theplantlist.org/tpl1.1/record/ild-7621
Blitum virgatum L.	5383969	Chenopodium foliosum Asch.	3083844	ok: SYNONYM valid	synonym in same direction	http://www.theplantlist.org/tpl1.1/record/kew-2677632
Brachyscome heterodonta DC.	3144548	Brachyscome dentata Gaudich.	3144545	ok: SYNONYM valid	synonym in same direction	http://www.theplantlist.org/tpl1.1/record/gcc-133662
Bromus carinatus var. marginatus (Nees ex Steud.) Barkworth & Anderton	4932863	Bromus marginatus Nees ex Steud.	2703686	verify: SYNONYM unresolved	not in The Plant List	
Bromus diandrus subsp. diandrus	8190105	Bromus diandrus Roth	2703760	verify: SYNONYM unresolved	not in The Plant List	
Bromus diandrus subsp. maximus (Desf.) Soó	8553193	Bromus rigidus Roth	2703663	ok: SYNONYM valid	synonym in same direction	http://www.theplantlist.org/tpl1.1/record/kew-400923
Bromus hordeaceus nothosubsp. pseudothominei (P.M. Smith) H. Scholz	8706035	Bromus ×pseudothominii P.M. Smith	7398575	ok: SYNONYM valid	synonym in same direction	http://www.theplantlist.org/tpl1.1/record/kew-401155
Bromus hordeaceus subsp. molliformis (J.Lloyd) Maire & Weiller	6312441	Bromus hordeaceus subsp. hordeaceus	7226793	verify: SYNONYM unresolved	considered synonym of Bromus hordeaceus L.	http://www.theplantlist.org/tpl1.1/record/kew-401153
Bromus japonicus Thunb.	2703735	Bromus japonicus subsp. japonicus	7226794	verify: SYNONYM probably invalid	considered accepted	http://www.theplantlist.org/tpl1.1/record/kew-401252
Bugula simplex Hincks, 1886	4984779	Bugulina simplex (Hincks, 1886)	7668385	ok: SYNONYM author variation	author variation	
Bugula stolonifera Ryland, 1960	4984823	Bugulina stolonifera (Ryland, 1960)	8428595	ok: SYNONYM author variation	author variation	
Calandrinia elegans Spach	7389949	Calandrinia ciliata (Ruiz & Pavon) DC.	3084693	ok: SYNONYM valid	synonym in same direction	http://www.theplantlist.org/tpl1.1/record/kew-2690603
Cardamine hamiltonii G.Don	3692264	Cardamine flexuosa With.	3046076	ok: SYNONYM valid	synonym in same direction	http://www.theplantlist.org/tpl1.1/record/kew-2699826
Carduus hamulosus Ehrh.	3114679	Carduus nutans subsp. platypus (Lange) Greuter	4212130	verify: SYNONYM probably invalid	considered accepted	http://www.theplantlist.org/tpl1.1/record/gcc-80010
Carduus vivariensis Jord.	4210773	Carduus nigrescens subsp. vivariensis (Jord.) Bonnier & Layens	6076849	ok: SYNONYM valid	synonym in same direction	http://www.theplantlist.org/tpl1.1/record/gcc-131264
Celastrus orbiculatus Thunb.	3169169	Celastrus orbiculatus C.P. Thunberg ex A. Murray	8104460	ok: SYNONYM author variation	ex author	
Cenchrus incertus M.A.Curtis	5289728	Cenchrus spinifex Cav.	5289726	ok: SYNONYM probably valid	unresolved, suggested synonym in same direction	http://www.theplantlist.org/tpl1.1/record/kew-403941
Centaurea algeriensis Durieu & Coss.	4207003	Centaurea diluta subsp. algeriensis (Coss. & Durieu) Marie	7399679	ok: SYNONYM probably valid	unresolved, suggested synonym in same direction	http://www.theplantlist.org/tpl1.1/record/gcc-3498
Centaurea extranea Beck	8173637	Centaurea extranea Beck ex Gugler	4253832	ok: SYNONYM author variation	ex author	
Centaurea phrygia L.	8305028	Centaurea phrygia	3127957	ok: SYNONYM valid	accepted has no author	
Centaurea psammogena Gáyer	8708866	Centaurea varnensis Velen.	3128725	verify: SYNONYM unresolved	should actually match the hybrid, which is unresolved	http://www.theplantlist.org/tpl1.1/record/tro-50202058
Cephalaria alpina (L.) Schrad. ex Roem. & Schult.	2888799	Cephalaria alpina (L.) Schrad.	8259811	ok: SYNONYM author variation	ex author	
Cephalaria syriaca (L.) Schrad. ex Roem. & Schult.	2888796	Cephalaria syriaca (L.) Schrad.	8355821	ok: SYNONYM author variation	ex author	
Chaenostoma cordatum Benth.	5561475	Sutera cordata (Thunb.) Kuntze	3728734	ok: SYNONYM probably valid	synonym in other direction, also in The Plant List	http://alienplantsbelgium.be/taxonomy/term/6167/descriptions
Chamaenerion dodonaei (Vill.) Schur	7742704	Epilobium dodonaei Vill.	3666323	ok: SYNONYM valid	synonym in same direction	http://www.theplantlist.org/tpl1.1/record/kew-2715624
Chenopodium bushianum Aellen	6447582	Chenopodium berlandieri var. bushianum (Aellen) Cronquist	3757050	ok: SYNONYM valid	synonym in same direction	http://www.theplantlist.org/tpl1.1/record/kew-2717190
Chionodoxa luciliae Boiss.	2767272	Scilla luciliae (Boiss.) Speta	2767271	ok: SYNONYM valid	synonym in same direction	http://www.theplantlist.org/tpl1.1/record/kew-302118
Chionodoxa sardensis Whittall ex Barr & Sayden	2767230	Scilla sardensis (Whittall ex Barr & Sayden) Speta	2767229	ok: SYNONYM valid	synonym in same direction	http://www.theplantlist.org/tpl1.1/record/kew-302122
Cicerbita macrophylla subsp. macrophylla	6304873	Lactuca macrophylla (Willd.) A.Gray	3140436	ok: SYNONYM valid	synonym in same direction	http://www.theplantlist.org/tpl1.1/record/gcc-145357
Cicerbita macrophylla subsp. uralensis (Rouy) P.D.Sell	4227439	Lactuca macrophylla subsp. uralensis (Rouy) N.Kilian & Greuter	4211590	ok: SYNONYM valid	synonym in same direction	http://www.theplantlist.org/tpl1.1/record/gcc-70929
Cichorium calvum Sch.Bip.	8199647	Cichorium calvum Sch.Bip. ex Asch.	5392271	ok: SYNONYM author variation	ex author	
Cichorium endivia subsp. endivia	7823591	Cichorium endivia L.	5392243	ok: SYNONYM valid	synonym in same direction	http://www.theplantlist.org/tpl1.1/record/gcc-61784
Clinopodium nepeta subsp. glandulosum (Req.) Govaerts	3886262	Clinopodium nepeta subsp. spruneri (Boiss.) Bartolucci & F.Conti	7757431	ok: SYNONYM probably valid	synonym in other direction	http://www.theplantlist.org/tpl1.1/record/kew-43619
Convolvulus dubius J. L. Gilbert	3679953	Calystegia pulchra Brumm. & Heywood	3678949	ok: SYNONYM probably valid	synonym in other direction	http://alienplantsbelgium.be/taxonomy/term/4027/descriptions
Convolvulus silvaticus Kit.	3678060	Calystegia silvatica subsp. silvatica	7225712	verify: SYNONYM unresolved	considered synonym of Salystegia silvatica	http://www.theplantlist.org/tpl1.1/record/tro-8502227
Conyza canadensis (L.) Cronquist	5404801	Erigeron canadensis	3146791	ok: SYNONYM valid	synonym in same direction	http://alienplantsbelgium.be/taxonomy/term/3365/descriptions
Corispermum gmelinii Bunge	7648345	Corispermum tylocarpum Hance	3759032	ok: SYNONYM valid	synonym in same direction	http://www.theplantlist.org/tpl1.1/record/kew-2737667
Cornus sanguinea subsp. australis (C.A.Mey.) Soó	8207659	Cornus sanguinea subsp. australis (C.A.Mey.) Jáv.	3663237	ok: SYNONYM probably valid	other author, should be verified further	
Cotoneaster boisianus G. Klotz	3026167	Cotoneaster bullatus var. floribundus (Stapf) L. T. Lu & A. R. Brach	3026295	ok: SYNONYM probably valid	in comparative taxonomy	http://alienplantsbelgium.be/taxonomy/term/6094/descriptions
Cotoneaster ganghobaensis J. Fryer & B. Hylmö	3025989	Cotoneaster lambertii G. Klotz	3026007	verify: SYNONYM probably invalid	considered accepted in plants & The Plant List	http://alienplantsbelgium.be/taxonomy/term/6164/descriptions
Cotoneaster hylmoei K.E. Flinck & J. Fryer	3025758	Cotoneaster salicifolius var. rugosus (E. Pritz.) Rehd. & E.H. Wilson	3026076	ok: SYNONYM probably valid	in comparative taxonomy	http://alienplantsbelgium.be/taxonomy/term/6165/descriptions
Cotoneaster integrifolius (Roxb.) Klotz	3026105	Cotoneaster microphylla var. thymifolius (Baker) Koehne	8422000	ok: SYNONYM probably valid	in comparative taxonomy	http://alienplantsbelgium.be/taxonomy/term/4996/descriptions
Cotoneaster lacteus W. W. Sm.	3025705	Cotoneaster coriaceus Franch.	3026035	ok: SYNONYM probably valid	in comparative taxonomy	http://alienplantsbelgium.be/taxonomy/term/6058/descriptions
Cotoneaster lucidus Schltdl.	3025769	Cotoneaster acutifolius var. lucidus (Schltdl.) L. T. Lu	3026061	ok: SYNONYM probably valid	synonym in other direction	http://alienplantsbelgium.be/taxonomy/term/6108/descriptions
Cotoneaster mairei H. Lév.	8295399	Cotoneaster franchetii Boiss.	3026162	verify: SYNONYM probably invalid	considered 2 accepted species	http://www.theplantlist.org/tpl1.1/record/rjp-1549
Cotoneaster rehderi Pojark	3026160	Cotoneaster bullatus var. macrophyllus Rehder & E. H. Wilson	3026161	ok: SYNONYM probably valid	synonym in other direction	http://alienplantsbelgium.be/taxonomy/term/4997/descriptions
Cotoneaster sternianus (Turrill) Boom	3026154	Cotoneaster franchetii var. sternianus Turrill	3026155	verify: SYNONYM probably invalid	Verloove considers this as 2 species, considered synonym in other direction in The Plant List	http://alienplantsbelgium.be/taxonomy/term/5000/descriptions
Cotoneaster villosulus (Rehder & E.H. Wilson) Flinck & B. Hylmö	3025564	Cotoneaster acutifolius var. villosulus Rehd. & E.H. Wilson	3025565	ok: SYNONYM probably valid	synonym in other direction	http://alienplantsbelgium.be/taxonomy/term/5001/descriptions
Crambe abyssinica Hochst. ex R.E. Fr.	5373484	Crambe hispanica subsp. abyssinica (Hochst ex. R.E. Fr.) A. Prina	8510990	ok: SYNONYM valid	synonym in same direction	http://www.theplantlist.org/tpl1.1/record/kew-2741236
Crassula helmsii (Kirk) Cockayne	5362054	Crassula helmsii (Kirk) A. Berger	8035075	ok: SYNONYM probably valid	other author, should be verified further	
Cucumis myriocarpus Naud.	2874575	Cucumis myriocarpus subsp. myriocarpus	3624993	ok: SYNONYM probably valid	synonym in other direction	http://www.theplantlist.org/tpl1.1/record/kew-2747017
Cullen cinereum (Lindl.) J. W. Grimes	3966627	Psoralea cinerea Lindl.	2944044	verify: SYNONYM unresolved	unresolved, no further info	http://www.theplantlist.org/tpl1.1/record/kew-2747303
Cuscuta campestris Yunck.	3610757	Cuscuta pentagona Engelm.	2927490	verify: SYNONYM probably invalid	considered 2 accepted species	http://www.theplantlist.org/tpl1.1/record/tro-8500663
Cuscuta gronovii Willdenow ex Roemer & Schultes	2927492	Cuscuta gronovii Willd.	7694392	ok: SYNONYM author variation	ex author	
Cyclachaena xanthiifolia (Nutt.) Fresen.	3141890	Iva xanthiifolia Nutt.	5402620	ok: SYNONYM probably valid	synonym in other direction	http://alienplantsbelgium.be/taxonomy/term/3484/descriptions
Cyclospermum leptophyllum (Pers.) Sprague ex Britton & P. Wilson	5371894	Cyclospermum leptophyllum (Pers.) Sprague	8350395	ok: SYNONYM author variation	ex author	
Cynodon incompletus var. hirsutus (Stent) de Wet & Harlan	5679524	Cynodon incompletus Nees	5674825	ok: SYNONYM valid	synonym in same direction	http://www.theplantlist.org/tpl1.1/record/kew-406384
Cyperus esculentus var. leptostachyus Boeckeler	8087010	Cyperus esculentus L.	2716226	ok: SYNONYM valid	synonym in same direction	http://www.theplantlist.org/tpl1.1/record/kew-236537
Cyperus longus subsp. tenuiflorus (Rottb.) Kük.	2716588	Cyperus longus subsp. longus	7070211	verify: SYNONYM unresolved	considered synonym of Cyperus longus	http://www.theplantlist.org/tpl1.1/record/kew-237354
Cytisus sessilifolius L.	5347864	Cytisophyllum sessilifolium (L.) O.Lang	2940408	ok: SYNONYM valid	synonym in same direction	http://www.theplantlist.org/tpl1.1/record/ild-8779
Dactylis polygama Horv.	4126278	Dactylis glomerata subsp. lobata (Drejer) H.Lindb.	4932232	verify: SYNONYM probably invalid	considered synonym of Dactylis glomerata L.	http://www.theplantlist.org/tpl1.1/record/kew-406788
Dasiphora davurica var. mandshurica (Maxim.) Verloove & Lambinon	8381801	Dasiphora fruticosa (L.) Rydb.	5370380	verify: SYNONYM unresolved	unresolved, no further info	http://www.theplantlist.org/tpl1.1/record/rjp-10984
Daucus carota subsp. sativus (Hoffm.) Arcangeli	4271342	Daucus carota subsp. sativus (Hoffm.) Schübl. & Martens	7350944	ok: SYNONYM probably valid	other author, should be verified further	
Delosperma cooperi (Hook. f.) L. Bolus	7538678	Delosperma cooperi (Hook. fil.) L. Bol.	8078333	ok: SYNONYM author variation	author variation	
Delphinium ajacis L.	3033833	Consolida ajacis (L.) Schur	3033830	ok: SYNONYM valid	synonym in same direction	http://www.theplantlist.org/tpl1.1/record/kew-2759384
Delphinium orientale Gay	3033829	Consolida orientalis (Gay) Schröd.	3033828	ok: SYNONYM valid	synonym in same direction	http://www.theplantlist.org/tpl1.1/record/kew-2760162
Desmanthus illinoensis (Michx.) Robinson & Fernald	7484581	Desmanthus illinoensis (Michx.) MacMill.	5360112	ok: SYNONYM probably valid	other author, should be verified further	
Dichanthelium clandestinum (L.) Gould	2702543	Panicum clandestinum L.	2702544	ok: SYNONYM valid	synonym in same direction	http://www.theplantlist.org/tpl1.1/record/kew-408456
Digitaria ciliaris subsp. nubica (Stapf) S.T. Blake	7736068	Digitaria ciliaris (Retz.) Koeler	5289998	ok: SYNONYM valid	synonym in same direction	http://www.theplantlist.org/tpl1.1/record/kew-408854
Digitaria sanguinalis subsp. pectiniformis Henrard	5675253	Digitaria sanguinalis (L.) Scop.	5289972	ok: SYNONYM valid	synonym in same direction	http://www.theplantlist.org/tpl1.1/record/kew-409374
Dinebra decipiens subsp. decipiens	8247934	Leptochloa decipiens (R.Br.) Stapf ex Maiden	2703867	verify: SYNONYM unresolved	not in The Plant List	
Dinebra decipiens var. peacockii (Maiden & Betche) P.M.Peterson & N.Snow	8328801	Leptochloa decipiens subsp. peacockii (Maiden & Betche) N.Snow	4132902	verify: SYNONYM unresolved	not in The Plant List	
Dinebra divaricatissima (S.T.Blake) P.M.Peterson & N.Snow	7738621	Leptochloa divaricatissima S.T.Blake	2703882	verify: SYNONYM unresolved	not in The Plant List	
Dinebra panicea var. brachiata (Steud.) P.M.Peterson & N.Snow	8306067	Leptochloa panicea subsp. brachiata (Steud.) N.Snow	4132112	verify: SYNONYM unresolved	not in The Plant List	
Diplachne parviflora (R.Br.) Benth.	4122787	Diplachne fusca subsp. fusca	7998563	verify: SYNONYM probably invalid	considered synonym of Leptochloa fusca (L.) Kunth.	http://www.theplantlist.org/tpl1.1/record/kew-409852
Dipsacus strigosus Roem. & Schult.	4104284	Dipsacus strigosus Willd.	7443846	ok: SYNONYM probably valid	other author, should be verified further	
Doronicum willdenowii (Rouy) A.W.Hill	4230874	Doronicum plantagineum subsp. emarginatum (H.J.Coste) P.Fourn.	6077214	ok: SYNONYM valid	synonym in same direction	http://www.theplantlist.org/tpl1.1/record/gcc-44406
Dreissena rostriformis subsp. bugensis Andrusov, 1897	4371624	Dreissena bugensis Andrusov, 1897	2287073	verify: SYNONYM unresolved	not in The Plant List	
Echinochloa hispidula (Retz.) Nees ex Royle	8002116	Echinochloa oryzoides (Ard.) Fritsch	2702820	ok: SYNONYM valid	synonym in same direction	http://www.theplantlist.org/tpl1.1/record/kew-410285
Echinochloa muricata subsp. microstachya (Wiegand) Jauzein	6313067	Echinochloa muricata (P.Beauv.) Fernald	2702816	ok: SYNONYM valid	synonym in same direction	http://www.theplantlist.org/tpl1.1/record/kew-410311
Echinopsis silvestrii Speg.	5621983	Echinopsis albispinosa K. Schum.	7282357	verify: SYNONYM probably invalid	considered accepted	http://www.theplantlist.org/tpl1.1/record/kew-2783644
Elaeagnus pungens Thunb.	3039270	Elaeagnus pungens C.P. Thunb. ex A. Murray	8214730	ok: SYNONYM author variation	ex author	
Elaeagnus umbellata Thunb.	3039267	Elaeagnus umbellata C.P. Thunb. ex A. Murray	7752288	ok: SYNONYM author variation	ex author	
Eleocharis austriaca Hayek	2717405	Eleocharis mamillata subsp. austriaca (Hayek) Strandh.	2717402	ok: SYNONYM valid	synonym in same direction	http://www.theplantlist.org/tpl1.1/record/kew-242325
Eleusine coracana subsp. africana	4115907	Eleusine africana	4124350	ok: SYNONYM valid	synonym in same direction	http://www.theplantlist.org/tpl1.1/record/kew-410608
Eleusine indica subsp. indica	6431270	Eleusine indica (L.) Gaertn.	2705953	ok: SYNONYM probably valid	accepted name is in plants	http://alienplantsbelgium.be/taxonomy/term/5676/descriptions
Elymus scaber (R. Br.) A. Love	7324613	Anthosachne multiflora (Banks & Sol. ex Hook.f.) C.Yen & J.L.Yang	7344735	verify: SYNONYM probably invalid	considered accepted	http://www.theplantlist.org/tpl1.1/record/kew-411541
Ephedra saxatilis var. sikkimensis (Stapf) Florin	2653395	Ephedra gerardiana var. sikkimensis Stapf	2653392	ok: SYNONYM valid	synonym in same direction	http://www.theplantlist.org/tpl1.1/record/kew-333036
Eragrostis chloromelas Steud.	2705380	Eragrostis curvula (Schrad.) Nees	2705378	ok: SYNONYM valid	synonym in same direction	http://www.theplantlist.org/tpl1.1/record/kew-412373
Eragrostis cilianensis (All.) Janch.	8621843	Poa alpina L.	2704234	verify: SYNONYM probably invalid	considered 2 accepted species	http://www.theplantlist.org/tpl1.1/record/kew-412374
Eragrostis trichophora Coss. & Durieu	2705367	Eragrostis cylindriflora Hochst.	2705391	ok: SYNONYM valid	synonym in same direction	http://www.theplantlist.org/tpl1.1/record/kew-413316
Eragrostis virescens subsp. verloovei Portal	6084851	Eragrostis mexicana (Hornem.) Link	2705339	ok: SYNONYM valid	synonym in same direction	http://www.theplantlist.org/tpl1.1/record/kew-457520
Erigeron flahaultianus Thell.	4217250	Erigeron sumatrensis Retz.	3146683	verify: SYNONYM probably invalid	considered synonym of Erigeron floribundus (Kunth) Sch.Bip.	http://www.theplantlist.org/tpl1.1/record/gcc-84289
Erigeron huelsenii Vatke	3095939	Conyzigeron huelsenii (Vatke) Rauschert	3095938	ok: SYNONYM valid	synonym in same direction	http://www.theplantlist.org/tpl1.1/record/gcc-32837
Erigeron pampeanus Parodi	3126046	Conyza pampeana (Parodi) Cabrera	5397996	ok: SYNONYM valid	synonym in same direction	http://www.theplantlist.org/tpl1.1/record/gcc-143229
Erodium cygnorum subsp. glandulosum Carolin	3827934	Erodium carolinianum J.J. Aldasoro, C. Aedo, C. Navarro & L. Saez	3828342	ok: SYNONYM probably valid	synonym in other direction	http://www.theplantlist.org/tpl1.1/record/kew-2798210
Erodium moschatum var. cicutarioides Delile	8605414	Erodium meynieri Maire	3826756	verify: SYNONYM unresolved	not in The Plant List	
Erodium moschatum var. moschatum	7258888	Erodium moschatum	2891625	ok: SYNONYM valid	synonym in same direction	http://www.theplantlist.org/tpl1.1/record/tro-13900786
Erodium salzmannii Del.	4934102	Erodium cicutarium subsp. cicutarium	7258886	verify: SYNONYM probably invalid	considered accepted	http://www.theplantlist.org/tpl1.1/record/kew-2798426
Erucastrum incanum (L.) W.D.J. Koch	5376070	Sinapis incana L.	3047620	verify: SYNONYM probably invalid	considered synonym of Hirschfeldia incana (L.) Lagr.-Foss.	http://www.theplantlist.org/tpl1.1/record/kew-2798847
Erysimum ruscinonense Jord.	3048071	Erysimum nevadense subsp. collisparsum (Jord.) P.W. Ball	3048069	verify: SYNONYM probably invalid	considered synonym of Erysimum canescens Roth	http://www.theplantlist.org/tpl1.1/record/kew-2800445
Euonymus hederaceus Champ. ex Benth.	3792460	Euonymus fortunei (Turcz.) Hand.-Mazz.	3169137	ok: SYNONYM valid	synonym in same direction	http://alienplantsbelgium.be/taxonomy/term/6002/descriptions
Euphorbia brittingeri Opiz ex Samp.	3069065	Euphorbia verrucosa L.	3069053	ok: SYNONYM valid	synonym in same direction	http://www.theplantlist.org/tpl1.1/record/kew-78730
Euphorbia glomerifera (Millsp.) L.C.Wheeler	3066330	Euphorbia hypericifolia L.	3066321	ok: SYNONYM valid	synonym in same direction	http://www.theplantlist.org/tpl1.1/record/kew-79884
Euphorbia serpens subsp. fissistipula (Thell.) Verloove & Lambinon	8273282	Euphorbia serpens Kunth	3064221	ok: SYNONYM valid	synonym in same direction	http://www.theplantlist.org/tpl1.1/record/kew-465908
Eurybia divaricata (L.) G.L.Nesom	5396125	Croptilon divaricatum (Nutt.) Raf.	3139628	verify: SYNONYM probably invalid	considered accepted	http://www.theplantlist.org/tpl1.1/record/gcc-17778
Eutrochium maculatum (L.) E.E.Lamont	3138195	Eupatorium maculatum L.	5401612	verify: SYNONYM probably invalid	considered 2 accepted species	http://www.theplantlist.org/tpl1.1/record/gcc-51805
Fallopia bohemica (Chrtek & Chrtková) J.P. Bailey	5652296	Reynoutria bohemica J. Chrtek & A. Chrtková	4038485	ok: SYNONYM valid	synonym in same direction	http://alienplantsbelgium.be/taxonomy/term/4858/descriptions
Fallopia japonica (Houtt.) Ronse Decraene	5334357	Reynoutria japonica Houtt.	2889173	ok: SYNONYM valid	synonym in same direction	http://alienplantsbelgium.be/taxonomy/term/4856/descriptions
Fallopia sachalinensis (Friedrich Schmidt Petrop.) Ronse Decraene	5334293	Reynoutria sachalinensis (Friedrich Schmidt Petrop.) Nakai	2889088	ok: SYNONYM valid	synonym in same direction	http://alienplantsbelgium.be/taxonomy/term/6034/descriptions
Festuca brevipila R.Tracey	2704955	Festuca trachyphylla (Hack.) Hack.	2704949	ok: SYNONYM valid	synonym in same direction	http://www.theplantlist.org/tpl1.1/record/kew-414662
Fragaria ×ananassa (Weston) Duchesne ex Rozier	3029912	Fragaria ananassa subsp. ananassa	6550282	verify: SYNONYM probably invalid	considered accepted	http://www.theplantlist.org/tpl1.1/record/rjp-38077
Gaillardia grandiflora Hort.	8440418	Gaillardia grandiflora Hort. ex Van Houtte	5387817	ok: SYNONYM author variation	ex author	
Galactites elegans (All.) Nyman ex Soldano	3137580	Centaurea cineraria L.	3128305	verify: SYNONYM probably invalid	considered synonym of Galactites tomentosa Moench	http://www.theplantlist.org/tpl1.1/record/gcc-131160
Galanthus nivalis var. scharlockii Casp.	2855358	Galanthus nivalis L.	2855356	ok: SYNONYM valid	synonym in same direction	http://www.theplantlist.org/tpl1.1/record/kew-307586
Galanthus warei J.Allen	7556596	Galanthus nivalis L.	2855356	verify: SYNONYM unresolved	not in The Plant List	
Galinsoga quadriradiata Ruiz & Pav.	8298495	Galinsoga quadriradiata Cav.	3132567	ok: SYNONYM probably valid	other author, should be verified further	
Galium parisiense var. leiocarpum Tausch	2914818	Galium parisiense L.	2913169	verify: SYNONYM probably invalid	considered synonym of Galium divaricatum Pourr. ex Lam.	http://www.theplantlist.org/tpl1.1/record/kew-87117
Gamochaeta antillana (Urb.) Anderb.	3103180	Gnaphalium antillanum Urb.	5390801	ok: SYNONYM valid	synonym in same direction	http://www.theplantlist.org/tpl1.1/record/gcc-4559
Gamochaeta pensylvanica (Willd.) Cabrera	3103082	Gnaphalium pensylvanicum Willd.	5390730	ok: SYNONYM probably valid	synonym in other direction	http://alienplantsbelgium.be/taxonomy/term/3432/descriptions
Gaura lindheimeri Engelm. & Gray	3189268	Oenothera lindheimeri (Engelm. & A.Gray) W.L.Wagner & Hoch	3664589	ok: SYNONYM probably valid	synonym in other direction, accepted name is in plants	http://www.theplantlist.org/tpl1.1/record/kew-2818180
Glebionis coronaria (L.) Tzvelev	7627205	Glebionis coronaria (L.) Cass. ex Spach	3141115	ok: SYNONYM probably valid	other author, should be verified further	
Helianthus decapetalus L.	3119185	Helianthus hirsutus Raf.	3119209	verify: SYNONYM probably invalid	considered accepted	http://www.theplantlist.org/tpl1.1/record/gcc-120879
Heliotropium suaveolens M.Bieb.	7294771	Heliotropium suaveolens subsp. suaveolens	7294772	verify: SYNONYM probably invalid	considered accepted	http://www.theplantlist.org/tpl1.1/record/kew-2844512
Helipterum floribundum A.Cunn. ex DC.	3137630	Rhodanthe floribunda (DC.) Paul G.Wilson	3137629	ok: SYNONYM valid	synonym in same direction	http://www.theplantlist.org/tpl1.1/record/gcc-9505
Helipterum strictum (Lindl.) Benth.	3137688	Rhodanthe stricta (Lindl.) Paul G.Wilson	3137686	ok: SYNONYM valid	synonym in same direction	http://www.theplantlist.org/tpl1.1/record/gcc-31729
Hieracium amplexicaule subsp. speluncarum (Arv.-Touv.) Zahn	6078423	Hieracium amplexicaule subsp. spelaeum (Arv.-Touv.) Zahn	6295486	verify: SYNONYM unresolved	not in The Plant List	
Hieracium glaucinum subsp. recensitum (Jord. ex Boreau) Gottschl.	4219118	Hieracium recensitum ford	7358565	ok: SYNONYM valid	synonym in same direction	http://www.theplantlist.org/tpl1.1/record/gcc-50572
Honorius nutans (L.) Gray	2773290	Ornithogalum nutans L.	2773281	ok: SYNONYM probably valid	synonym in other direction	http://alienplantsbelgium.be/taxonomy/term/6268/descriptions
Hordeum geniculatum All.	4116522	Hordeum marinum subsp. gussoneanum (Parl.) Thell.	8338571	ok: SYNONYM valid	synonym in same direction	http://www.theplantlist.org/tpl1.1/record/kew-419319
Hordeum glaucum Steud.	4116483	Hordeum murinum subsp. glaucum (Steud.) Tzvelev	4115425	ok: SYNONYM valid	synonym in same direction	http://www.theplantlist.org/tpl1.1/record/kew-419324
Hordeum leporinum Link	4115652	Hordeum murinum subsp. leporinum (Link) Arcang.	4270548	ok: SYNONYM valid	synonym in same direction	http://www.theplantlist.org/tpl1.1/record/kew-419386
Humulus japonicus Sieb. & Zucc.	2984536	Humulopsis scandens (Lour.) I.A. Grudzinskaya	3874408	ok: SYNONYM probably valid	synonym in other direction, NL name matches	http://www.theplantlist.org/tpl1.1/record/kew-2855038
Humulus scandens (Lour.) Merr.	2984537	Humulopsis scandens (Lour.) I.A. Grudzinskaya	3874408	ok: SYNONYM probably valid	other author, should be verified further	
Hypericum ×moserianum Andre	3189474	Hypericum moseranum Ed. Andre	3189468	ok: SYNONYM author variation	author variation	
Hystrix patula Moench	4146782	Elymus hystrix L.	8112114	ok: SYNONYM probably valid	synonym in other direction	http://www.theplantlist.org/tpl1.1/record/kew-419913
Ipomoea coccinea L.	2928560	Ipomoea rubriflora O'Donell	7519113	ok: SYNONYM valid	synonym in same direction	http://www.theplantlist.org/tpl1.1/record/tro-8500974
Ipomoea hederacea var. integriuscula A.Gray	2928622	Ipomoea hederacea (L.) Jacquin	2928538	verify: SYNONYM probably invalid	considered synonym of Ipomoea nil (L.) Roth	http://www.theplantlist.org/tpl1.1/record/tro-8501538
Ipomoea lacunosa f. lacunosa	7324507	Ipomoea lacunosa L.	2928584	ok: SYNONYM valid	synonym in same direction	http://www.theplantlist.org/tpl1.1/record/tro-8501542
Isotrema macrophyllum (Lam.) C. F. Reed	2873995	Aristolochia macrophylla Lam.	2873994	ok: SYNONYM probably valid	synonym in other direction	http://alienplantsbelgium.be/taxonomy/term/5365/descriptions
Jovibarba sobolifera (J. Sims) Opiz	7334511	Sempervivum globiferum subsp. globiferum	7334391	verify: SYNONYM unresolved	considered synonym of Sempervivum globiferum L.	http://www.theplantlist.org/tpl1.1/record/kew-2332848
Juncus tenuis subsp. anthelatus (Wiegand) Verloove & Lambinon	7841979	Juncus anthelatus (Wiegand) R.E.Brooks & Whittem.	2702058	ok: SYNONYM valid	synonym in same direction	http://www.theplantlist.org/tpl1.1/record/kew-467419
Juncus tenuis subsp. dichotomus (Elliott) Verloove & Lambinon	8143288	Juncus dichotomus Elliott	2701120	ok: SYNONYM valid	synonym in same direction, accepted name is in plants	http://www.theplantlist.org/tpl1.1/record/kew-315964
Juncus tenuis subsp. dudleyi (Wiegand) P.Fourn.	2701833	Juncus dudleyi Wiegand	2701831	ok: SYNONYM valid	synonym in same direction	http://www.theplantlist.org/tpl1.1/record/kew-315966
Kolkwitzia amabilis Graebn.	2888706	Linnaea amabilis (Graebn.) Christenh.	7529757	verify: SYNONYM probably invalid	considered accepted	http://www.theplantlist.org/tpl1.1/record/tro-6000434
Lactuca sativa L.	7403263	Lactuca sativa	3140379	ok: SYNONYM valid	accepted has no author	
Lamprocapnos spectabilis (L.) T.Fukuhara	2888564	Fumaria barnolae subsp. barnolae	7314977			
Lathyrus cicera L.	5356481	Astragalus cicer L.	5343253			
Ledum palustre L.	2882977	Rhododendron tomentosum subsp. tomentosum	6400570			
Lepidium draba subsp. chalepensis (L.) Thell.	7738761	Lepidium chalepense L.	5376514			
Lepidium draba subsp. draba	5376966	Lepidium draba L.	5376961			
Lepidium neglectum Thell.	5377072	Lepidium densiflorum Schrad.	5377064			
Leucanthemum superbum (Bergmans ex J.W.Ingram) D.H.Kent	5401007	Leucanthemum ×superbum (Bergmans ex J.Ingram) Soreng & E.A.Cope	7378144	ok: SYNONYM probably valid	other author, should be verified further	
Lindernia procumbens (Krock.) Borbás	8602699	Lindernia procumbens (Krocker) Philcox	3171882	ok: SYNONYM probably valid	other author, should be verified further	
Lolium boucheanum Kunth	4133390	Lolium multiflorum Lam.	4129708			
Lolium subulatum Vis.	2706221	Lolium rigidum Gaudin	2706218			
Loncomelos brevistylum (Wolfner) Dostál	2772890	Ornithogalum pyramidale L.	2772885	ok: SYNONYM valid	synonym in same direction	http://www.theplantlist.org/tpl1.1/record/kew-280957
Loncomelos narbonense (L.) Raf.	2772978	Ornithogalum narbonense L.	2772958	ok: SYNONYM valid	synonym in same direction	http://www.theplantlist.org/tpl1.1/record/kew-279996
Lonicera chrysantha Turcz. ex Ledeb.	5334246	Lonicera chrysantha Turcz.	8242349	ok: SYNONYM author variation	ex author	
Lonicera nitida E.H. Wilson	5599249	Lonicera pileata var. yunnanensis (Franch.) Bernd Schulz	7764700			
Ludwigia hexapetala (Hook. & Arn.) E.M. Zardini, H.Y. Gu & P.H. Raven	5421040	Ludwigia grandiflora var. hexapetala (Hook. & Arn.) D.B.Ward	8309092			
Lysimachia linum-stellatum L.	4007682	Asterolinon linum-stellatum (L.) Duby	4007104	ok: SYNONYM probably valid	synonym in other direction	http://www.theplantlist.org/tpl1.1/record/kew-2492991
Lysimachia monellii (L.) U.Manns & Anderb.	7862391	Anagallis monellii subsp. monellii	8349720			
Mahonia aquifolium (Pursh) Nutt.	3033865	Berberis aquifolium Pursh	3033868	ok: SYNONYM valid	synonym in same direction	http://alienplantsbelgium.be/taxonomy/term/3619/descriptions
Malus sylvestris subsp. mitis (Wallr.) Mansf.	3001381	Malus pumila Mill.	3001093			
Malva preissiana Miq.	3941038	Malva australiana M.F. Ray	3935002			
Malva pseudolavatera Webb & Berthel.	3940998	Malva multiflora (Cav.) Soldano et al.	3933415			
Malva setigera K.F.Schimp. & Spenn.	3940638	Malva hirsuta (L.) E. H. L. Krause	7944532			
Malva trimestris var. brachypoda (Pérez Lara) Verloove & Lambinon	8300984	Malva trimestris (L.) Salisb.	3940326			
Matricaria recutita var. coronata (J.Gay ex Boiss.) Fertig	8258539	Chamomilla chamomilla var. coronata J.Gay ex Boiss.	6291909			
Matthiola longipetala subsp. bicornis (Sm.) P.W. Ball	7740944	Matthiola longipetala subsp. longipetala	7225577			
Mazus reptans N.E. Br.	3171303	Mazus miquelii Makino	3171302			
Meconopsis cambrica (L.) Vig.	3601091	Papaver cambricum L.	3602683			
Medicago monantha subsp. incisa (Benth.) Verloove & Lambinon	3966132	Medicago monantha (C.A.Mey.) Trautv.	2965226			
Medicago monantha subsp. noeana (Boiss.) Greuter & Burdet	3966127	Medicago monantha (C.A.Mey.) Trautv.	2965226			
Medicago varia Martyn	2965331	Medicago sativa subsp. varia (Martyn) Arcang.	8316569			
Melilotus officinalis (L.) Lam.	8193111	Melilotus officinalis (L.) Pall.	2971024	ok: SYNONYM probably valid	other author, should be verified further	
Mentha smithiana R.A.Graham	2927185	Mentha wirtgeniana F.W.Schultz	3893979			
Mentha spicata subsp. glabrata (Lej. & Courtois) Lebeau	3895556	Mentha spicata subsp. spicata	7308335			
Microlonchus salmanticus (L.) DC.	3141575	Mantisalca salmantica (L.) Briq. & Cavill.	3141571	ok: SYNONYM valid	synonym in same direction	http://www.theplantlist.org/tpl1.1/record/gcc-2745
Minuartia laricifolia (L.) Schinz & Thell.	6364275	Cherleria laricifolia subsp. laricifolia	7808349			
Minuartia mediterranea (Link) K. Maly	7895013	Sabulina mediterranea (Link) Rchb.	5587011			
Miscanthus sacchariflorus (Maxim.) Benth. & Hook. f.	8410425	Miscanthus sacchariflorus (Maxim.) Hack.	2706023	ok: SYNONYM probably valid	other author, should be verified further	
Molinia caerulea subsp. arundinacea (Schrank) K. Richt.	8353934	Molinia caerulea (L.) Moench	5289877			
Moorochloa eruciformis (Sm.) Veldkamp	4155246	Brachiaria eruciformis (Sm.) Griseb.	2704068	ok: SYNONYM valid	synonym in same direction	http://www.theplantlist.org/tpl1.1/record/kew-424915
Mustela vison Schreber, 1777	5218823	Neovison vison (Schreber, 1777)	2433652	ok: SYNONYM probably valid	synonym in other direction	http://ias.biodiversity.be/species/show/26
Myosotis alpestris F. W. Schmidt	5341187	Myosotis alpestris subsp. alpestris	7295191			
Narcissus obvallaris Salisb.	2858374	Narcissus hispanicus Gouan	2858384	ok: SYNONYM valid	synonym in same direction	http://www.theplantlist.org/tpl1.1/record/kew-281999
Narcissus pseudonarcissus subsp. major (Curtis) Baker	2858363	Narcissus hispanicus Gouan	2858384	ok: SYNONYM valid	synonym in same direction	http://www.theplantlist.org/tpl1.1/record/kew-309116
Nemophila menziesii var. integrifolia Parish	3611735	Nemophila menziesii var. integrifolia Brand	7536406	ok: SYNONYM probably valid	other author, should be verified further	
Noccaea brachypetala (Jord.) F.K. Mey.	3045473	Noccaea caerulescens subsp. brachypetala (Jord.) Tzvelev	3045464	verify: SYNONYM probably invalid	considered synonym of Thlaspi caerulescens subsp. brachypetalum (Jord.) O.Bolòs, Vigo, Masalles & Ninot	http://www.theplantlist.org/tpl1.1/record/kew-2381272
Notodanthonia gracilis (Hook.f.) Zotov	4146338	Rytidosperma gracile (Hook.f.) Connor & Edgar	4136338	ok: SYNONYM valid	synonym in same direction	http://www.theplantlist.org/tpl1.1/record/kew-426018
Odontella sinensis (Greville) Grunow, 1884	5421668	Trieres chinensis (Greville) M.P.Ashworth & E.C.Theriot, 2013	8051459	verify: SYNONYM unresolved	not in The Plant List	
Oenothera cruciata Nutt. ex G. Don	7926755	Oenothera parviflora L.	3188833	verify: SYNONYM probably invalid	considered accepted	http://www.theplantlist.org/tpl1.1/record/tro-23201349
Oenothera depressa Greene	6428493	Oenothera villosa subsp. villosa	6427623	verify: SYNONYM probably invalid	considered synonym of Oenothera strigosa var. depressa	http://www.theplantlist.org/tpl1.1/record/tro-23202102
Oenothera glazioviana f. rubricalyx (R.R.Gates) Lambinon	3666059	Oenothera perangusta Gates	7322738	ok: SYNONYM probably valid	accepted name is in plants	http://alienplantsbelgium.be/taxonomy/term/4687/descriptions
Oenothera rubricalyx R.R.Gates	3665866	Oenothera perangusta Gates	7322738	verify: SYNONYM unresolved	unresolved, no further info	http://www.theplantlist.org/tpl1.1/record/kew-2399568
Orobanche ramosa L.	3173272	Phelipanche ramosa (L.) Pomel	3728894	ok: SYNONYM probably valid	synonym in other direction	http://www.theplantlist.org/tpl1.1/record/tro-23201349
Osteospermum jucundum (E.Phillips) Norl.	3093587	Dimorphotheca jucunda E.Phillips	5402340	verify: SYNONYM probably invalid	considered 2 accepted species	http://www.theplantlist.org/tpl1.1/record/gcc-97069
Oxalis stricta L.	2891666	Oxalis dillenii Jacq.	2891677	verify: SYNONYM probably invalid	considered 2 accepted species	http://www.theplantlist.org/tpl1.1/record/kew-2394269
Panicum capillare subsp. barbipulvinatum (Nash) Tzvelev	8536910	Panicum capillare L.	2705162			
Panicum capillare subsp. capillare	6449040	Panicum capillare L.	2705162			
Panicum capillare subsp. hillmanii (Chase) Freckmann & Lelong	4153082	Panicum hillmanii Chase	2705098	ok: SYNONYM valid	synonym in same direction	http://alienplantsbelgium.be/taxonomy/term/6050/descriptions
Panicum chloroticum Nees ex Trin.	8357651	Panicum dichotomiflorum Michx.	2705144			
Panicum miliaceum subsp. agricola H.Scholz & Mikoláš	4134826	Panicum miliaceum L.	2705090			
Panicum miliaceum subsp. ruderale (Kitag.) Tzvelev	4134741	Panicum miliaceum L.	2705090			
Papaver somniferum subsp. setigerum (DC.) Arcangeli	8242032	Papaver setigerum DC.	3602227			
Parthenocissus inserta (A. Kerner) Fritsch	3039203	Parthenocissus vitacea (Knerr) A.S. Hitchc.	3039193	ok: SYNONYM probably valid	synonym in other direction	http://alienplantsbelgium.be/taxonomy/term/5306/descriptions
Paspalum notatum var. saurae Parodi	4106609	Paspalum saurae (Parodi) Parodi	4154259	verify: SYNONYM unresolved	both considered synonyms of Paspalum notatum	http://alienplantsbelgium.be/taxonomy/term/6246/descriptions
Pastinaca sativa subsp. urens (Req. ex Godr.) Celak.	7466434	Pastinaca sativa subsp. sativa	7224157	verify: SYNONYM probably invalid	considered synonym of Pastinaca umbrosa Steven	http://www.theplantlist.org/tpl1.1/record/tro-1702999
Pelargonium capitatum (L.) Aiton	8112856	Pelargonium capitatum	2891613	ok: SYNONYM valid	accepted has no author	
Pentaschistis airoides (Nees) Stapf	4145907	Pentameris airoides (Nees) Steud.	4146851	ok: SYNONYM probably valid	other author, should be verified further	
Persicaria pensylvanica (L.) G. Maza	8026804	Persicaria pensylvanica (L.) M. Gómez	8263906	ok: SYNONYM probably valid	other author, should be verified further	
Persicaria perfoliata (L.) H. Gross	4033648	Truellum perfoliatum (L.) Soják	4037171	verify: SYNONYM probably invalid	considered synonym of Polygonum perfoliatum L.	http://www.theplantlist.org/tpl1.1/record/kew-2572612
Persicaria wallichii W. Greuter & Burdet	6391908	Rubrivena polystachya (Wall.) M. Král	4037343	verify: SYNONYM probably invalid	considered accepted	http://www.theplantlist.org/tpl1.1/record/kew-2572263
Petrorhagia nanteuilii (Burnat) P. W. Ball & Heywood	3085622	Petrorhagia nanteuilii (Bumat) P. W. Ball & Heywood	8693157	ok: SYNONYM author variation	author variation	
Petunia parviflora Juss.	2928906	Calibrachoa parviflora (Jussieu) W.G. D'Arcy	7823026	ok: SYNONYM valid	synonym in same direction	http://www.theplantlist.org/tpl1.1/record/tro-29600085
Phalaris arundinacea var. picta L.	5289757	Phalaris arundinacea L.	5289756			
Phalaris paradoxa var. paradoxa	6067713	Phalaris paradoxa L.	5289758			
Phalaris paradoxa var. praemorsa (Lam.) Coss. & Durieu	8008561	Phalaris paradoxa L.	5289758			
Photinia beauverdiana var. notabilis (C. K. Schneider) Rehd. & E. H. Wilson	5363895	Photinia beauverdiana C.K. Schneid.	5363891			
Phuopsis stylosa (Trin.) Hook.f. ex B.D.Jacks.	2903387	Phuopsis stylosa (Trin.) G.Nicholson	7671397	ok: SYNONYM probably valid	other author, should be verified further	
Physalis angulata var. angulata	7300041	Physalis angulata L.	5341792			
Physalis angulata var. pendula (Rydb.) Waterf.	5341795	Physalis angulata L.	5341792			
Physalis ixocarpa Brot. ex Hornem.	6402873	Physalis philadelphica subsp. ixocarpa (Brot. ex Hornem.) Sobr.-Vesp. & Sanz-Elorza	5581168			
Physalis minima L.	5341772	Physalis lagascae Roem. & Schult.	5341775			
Pilosella bauhini Arv.-Touv.	6300805	Pilosella piloselloides subsp. bauhini (Schult.) S.Bräut. & Greuter	8111836			
Pilosella duplex (Peter) Holub	3134993	Hieracium duplex Peter	3134985	verify: SYNONYM unresolved	unresolved, no further info	http://www.theplantlist.org/tpl1.1/record/gcc-117533
Pilosella flagellaris (Willd.) P.D.Sell & C.West	7764066	Pilosella flagellaris (Willd.) Arv.-Touv.	3123262	ok: SYNONYM probably valid	other author, should be verified further	
Pilosella florentoides (Arv.-Touv.) P.D.Sell & C.West	3123658	Pilosella visianii F.W.Schultz & Sch.Bip.	3123683			
Piptatherum miliaceum subsp. miliaceum	6067668	Achnatherum miliaceum (L.) P.Beauv.	4141737			
Piptatherum miliaceum subsp. thomasii (Duby) Freitag	4134872	Achnatherum miliaceum (L.) P.Beauv.	4141737			
Platanus hispanicus Muenchh.	8221404	Platanus hybrida Brot.	3152814			
Pleioblastus pumilus (Mitford) Nakai	4131135	Pleioblastus argenteostriatus (Regel) Nakai	4132188			
Polygonum arenarium subsp. pulchellum (Loisel.) D. A. Webb & Chater	7681832	Polygonum arenarium subsp. pulchellum (Loisel.) Thell.	8336551	ok: SYNONYM probably valid	other author, should be verified further	
Polypogon rioplatensis Herter	4153734	Polypogon imberbis (Phil.) Johow	4154206			
Polysiphonia harveyi Bailey, 1848	5277408	Neosiphonia harveyi (Bailey) M.-S.Kim, H.-G.Choi, Guiry & G.W.Saunders, 2001	5277404			
Polystichum tsus-simense (Hook.) J. Sm.	2651108	Polystichum luctuosum (Kze.) T. Moore	4046493			
Populus generosa A.Henry	3040245	Populus jackii Sarg.	3040241			
Populus nigra var. italica Münchh.	8154049	Populus nigra var. italica (Moench.) Koehne	7358677	ok: SYNONYM probably valid	other author, should be verified further	
Populus trichocarpa Torr. & Gray ex Hooker	6362904	Populus balsamifera subsp. trichocarpa (Torr. & Gray) Brayshaw	8694725			
Portulaca papillatostellulata (Danin & H.G.Baker) Danin	4022463	Portulaca macrantha (Maire) C. Ricceri & P.V. Arrigoni	4022910			
Potentilla indica (Jacks.) T.Wolf	8591421	Duchesnea indica (Jacks.) Focke	3031919	verify: SYNONYM unresolved	unresolved, no further info	http://www.theplantlist.org/tpl1.1/record/rjp-10798
Proasellus meridianus (Racovitza, 1919)	2206086	Asellus meridianus Racovitza, 1919	2206087	verify: SYNONYM unresolved	not in The Plant List	
Proboscidea louisianica Thell.	5415100	Proboscidea louisianica subsp. louisianica	7226243			
Prunus cerasus L.	3021922	Prunus avium (L.) L.	3020791			
Prunus persica (L.) Batsch	3022511	Prunus persica (L.) Stokes	8149923	ok: SYNONYM probably valid	other author, should be verified further	
Prunus virginiana L.	3022668	Prunus serotina Ehrh.	3021850			
Psephellus dealbatus (Willd.) K.Koch	3137829	Psephellus dealbatus (Willd.) Boiss.	7838007	ok: SYNONYM probably valid	other author, should be verified further	
Pterocarya fraxinifolia (Lam.) Spach	8288647	Pterocarya pterocarpa (Michx.) Kunth ex I. Iljinsk.	4205311			
Rana catesbeiana Shaw, 1802	2427092	Lithobates catesbeianus (Shaw, 1802)	2427091	ok: SYNONYM probably valid	synonym in other direction	http://ias.biodiversity.be/species/show/88
Reynoutria compacta (Hook. fil.) Nakai	6709291	Reynoutria japonica Houtt.	2889173	ok: SYNONYM valid	synonym in same direction	http://www.theplantlist.org/tpl1.1/record/kew-2905898
Ribes odoratum H.L. Wendl.	6442224	Ribes aureum var. villosum DC.	4194303	verify: SYNONYM unresolved	considered synonym of Ribes aureum Pursh	http://www.theplantlist.org/tpl1.1/record/kew-2426558
Rorippa stylosa (Pers.) Mansf. & Rothm.	3053252	Rorippa pyrenaica (L.) Rchb.	8677936	ok: SYNONYM valid	synonym in same direction	http://www.theplantlist.org/tpl1.1/record/kew-2416991
Rubrivena polystachya (Wall. ex Meisn.) M. Král	8696688	Rubrivena polystachya (Wall.) M. Král	4037343	ok: SYNONYM author variation	ex author	
Rumex fueginus R. Phil.	2888982	Rumex persicarioides var. fueginus (Phil.) A.Haines	7350964	verify: SYNONYM probably invalid	considered synonym of Rumex maritimus L.	http://www.theplantlist.org/tpl1.1/record/tro-26000918
Rumex kerneri Borbás	2889005	Rumex cristatus subsp. kerneri (Borbás) J.R. Akeroyd & D.A. Webb	4034971	ok: SYNONYM valid	synonym in same direction	http://www.theplantlist.org/tpl1.1/record/kew-2423985
Ruta graveolens L.	3190382	Agathosma pulchella (L.) Link	3833118	verify: SYNONYM probably invalid	considered 2 accepted species	http://www.theplantlist.org/tpl1.1/record/kew-2527408
Salix sepulcralis nothovar. chrysocoma (Dode) Meikle	5373039	Salix sepulchralis var. chrysocoma (Dode) R.D. Meikle	7742596	ok: SYNONYM valid	nothovar. to var.	
Salvia lavandulifolia subsp. gallica W.Lippert	3898065	Salvia officinalis subsp. gallica (W.Lippert) Reales, D.Rivera & Obón	6411218	ok: SYNONYM valid	synonym in same direction	http://www.theplantlist.org/tpl1.1/record/kew-183008
Sasaella ramosa (Makino) Makino	4127352	Sasa ramosa (Makino) Makino & Shibata	5675849	ok: SYNONYM valid	synonym in same direction	http://www.theplantlist.org/tpl1.1/record/kew-441017
Saxifraga stolonifera Meerb.	8062061	Saxifraga stolonifera Curtis	3032762	ok: SYNONYM probably valid	other author, should be verified further	
Scabiosa atropurpurea L.	2888805	Sixalix atropurpurea subsp. atropurpurea	7301011	verify: SYNONYM probably invalid	considered accepted	http://www.theplantlist.org/tpl1.1/record/kew-2593568
Schkuhria pinnata var. abrotanoides (Roth) Cabrera	4247879	Schkuhria pinnata (Lam.) Kuntze ex Thell.	3101235	ok: SYNONYM valid	synonym in same direction	http://www.theplantlist.org/tpl1.1/record/gcc-68459
Scirpus atrovirens subsp. georgianus (R.M.Harper) Verloove & Lambinon	8390304	Scirpus georgianus R.M.Harper	2720269	ok: SYNONYM valid	synonym in same direction	http://www.theplantlist.org/tpl1.1/record/kew-468182
Scorpiurus muricatus subsp. subvillosus (L.) Thell.	8082844	Scorpiurus muricatus L.	5358302	ok: SYNONYM valid	synonym in same direction	http://www.theplantlist.org/tpl1.1/record/ild-37820
Scorpiurus muricatus subsp. sulcatus (L.) Thell.	5358307	Scorpiurus muricatus L.	5358302	ok: SYNONYM valid	synonym in same direction	http://www.theplantlist.org/tpl1.1/record/ild-37821
Secale strictum (C.Presl) C.Presl	4121049	Secale montanum Guss.	2705967	verify: SYNONYM probably invalid	considered synonym of Secale cereale L.	http://www.theplantlist.org/tpl1.1/record/kew-441797
Sedum aizoon L.	5361976	Phedimus aizoon	8603974	ok: SYNONYM probably valid	synonym in other direction	http://www.theplantlist.org/tpl1.1/record/kew-2483174
Sedum anacampseros L.	5687999	Hylotelephium anacampseros (L.) H.Ohba	4202184	ok: SYNONYM probably valid	synonym in other direction	http://www.theplantlist.org/tpl1.1/record/kew-2484734
Sedum anopetalum DC.	5362017	Petrosedum anopetalum (DC.) V. Grulich	4200453	verify: SYNONYM probably invalid	considered synonym of Sedum ochroleucum Chaix.	http://www.theplantlist.org/tpl1.1/record/kew-2484785
Sedum hybridum L.	5362013	Phedimus middendorfianus	4201668	verify: SYNONYM probably invalid	considered accepted	http://www.theplantlist.org/tpl1.1/record/kew-2483834
Sedum sediforme (Jacq.) Pau	5688347	Petrosedum sediforme (Jacq.) V. Grulich	4201784	ok: SYNONYM probably valid	synonym in other direction	http://www.theplantlist.org/tpl1.1/record/kew-2489469
Sedum spurium Bieb.	5362018	Phedimus spurius	4201607	ok: SYNONYM probably valid	synonym in other direction	http://www.theplantlist.org/tpl1.1/record/kew-2489037
Sedum stoloniferum S. G. Gmel.	5362051	Phedimus stoloniferus	4201585	ok: SYNONYM probably valid	synonym in other direction	http://www.theplantlist.org/tpl1.1/record/kew-2489101
Selaginella kraussiana (Kunze) A. Braun	2688189	Selaginella kraussiana (G. Kunze) A. Br.	8368980	ok: SYNONYM author variation	author variation	
Senecio vernalis Waldst. & Kit.	6063730	Senecio leucanthemifolius subsp. vernalis (Waldst. & Kit.) Greuter	4228701	ok: SYNONYM probably valid	synonym in other direction	http://www.theplantlist.org/tpl1.1/record/gcc-44379
Sesbania exaltata (Rafinesque) Rydberg ex A.W. Hill	7394001	Sesbania herbacea (Mill.) McVaugh	2970585	ok: SYNONYM valid	synonym in same direction	http://www.theplantlist.org/tpl1.1/record/ild-33213
Setaria adhaerens (Forssk.) Chiov.	5289670	Setaria verticillata (L.) P.Beauv.	5289686	ok: SYNONYM valid	synonym in same direction	http://www.theplantlist.org/tpl1.1/record/kew-442159
Setaria pumila (Poir.) Roem. & Schult.	5289693	Setaria helvola (L.f.) Roem. & Schult.	5673972	ok: SYNONYM probably valid	synonym in other direction	http://www.theplantlist.org/tpl1.1/record/kew-442645
Setaria verticillata var. ambigua (Guss.) Parl.	7908347	Setaria verticillata (L.) P.Beauv.	5289686	verify: SYNONYM probably invalid	considered 2 accepted species	http://www.theplantlist.org/tpl1.1/record/kew-442778
Sidalcea oregana A. Gray	8428499	Sidalcea malviflora subsp. malviflora	7226545	verify: SYNONYM probably invalid	considered accepted	http://www.theplantlist.org/tpl1.1/record/tro-19601134
Silene coeli-rosa (L.) Godr.	5384787	Eudianthe coeli-rosa (L.) Endl.	3814157	ok: SYNONYM probably valid	synonym in other direction	http://www.theplantlist.org/tpl1.1/record/kew-2485510
Silene scabriflora Brot.	8419625	Silene pendula L.	5384773	verify: SYNONYM probably invalid	considered 2 accepted species	http://www.theplantlist.org/tpl1.1/record/kew-2486882
Sinapis dissecta Lag.	3047634	Sinapis alba subsp. dissecta (Lag.) Simonk.	3047633	ok: SYNONYM valid	synonym in same direction	http://www.theplantlist.org/tpl1.1/record/kew-2476471
Solanum aethiopicum var. aculeatum Dunal	2929889	Solanum aethiopicum L.	2929847	verify: SYNONYM unresolved	not in The Plant List	
Solanum nigrum subsp. schultesii (Opiz) Wessely	2932877	Solanum nigrum L.	2932865	verify: SYNONYM probably invalid	considered synonym of Solanum decipiens Opiz.	http://www.theplantlist.org/tpl1.1/record/tro-29603766
Solanum physalifolium var. nitidibaccatum (Bitter) Edmonds	2932146	Solanum physalifolium Rusby	2932144	verify: SYNONYM probably invalid	considered 2 accepted species	http://www.theplantlist.org/tpl1.1/record/tro-29603058
Solanum triflorum var. ponticum (Prodan) Borza	2931238	Solanum triflorum Nutt.	2931237	verify: SYNONYM unresolved	not in The Plant List	
Solanum villosum subsp. miniatum (Bernh. ex Willd.) Edmonds	6290046	Solanum villosum Mill.	2929505	verify: SYNONYM unresolved	not in The Plant List	
Solidago graminifolia (L.) Salisb.	5387035	Euthamia graminifolia (L.) Nutt.	3092782	ok: SYNONYM probably valid	synonym in other direction	http://alienplantsbelgium.be/taxonomy/term/3560/descriptions
Soliva pterosperma (Juss.) Less.	3092698	Soliva sessilis Ruiz & Pav.	3092691	ok: SYNONYM valid	synonym in same direction	http://www.theplantlist.org/tpl1.1/record/gcc-109759
Spiraea ×vanhouttei (Briot) Carrière	8236373	Spiraea vanhouttei (Briot) Zabel	3026622	ok: SYNONYM probably valid	other author, should be verified further	
Spiraea brachybotrys Lange	3026426	Spiraea canescens D. Don	3027138	verify: SYNONYM probably invalid	considered 2 accepted species	http://www.theplantlist.org/tpl1.1/record/rjp-297
Spiraea chamaedrifolia subsp. ulmifolia (Scop.) J. Duvigneaud	8324534	Spiraea chamaedryfolia L.	3026406	verify: SYNONYM unresolved	not in The Plant List	
Spirobassia hirsuta (L.) Freitag & G. Kadereit	8243150	Bassia crassifolia (Pall.) Soldano	5568298	ok: SYNONYM probably valid	unresolved, suggested synonym in same direction	http://www.theplantlist.org/tpl1.1/record/kew-2902756
Stachys macrantha (C. Koch) Stearn	3881468	Betonica macrantha C. Koch.	7876454	ok: SYNONYM probably valid	synonym in other direction	http://www.theplantlist.org/tpl1.1/record/kew-195289
Stellaria media subsp. cupaniana (Jord. & Fourr.) Nym.	7625143	Stellaria neglecta subsp. cupaniana (Jord. & Fourr.) Gutermann	8319214	verify: SYNONYM probably invalid	considered accepted	http://www.theplantlist.org/tpl1.1/record/kew-2869948
Stipa bromoides (L.) Dörfl.	4143865	Achnatherum bromoides (L.) P.Beauv.	4142335	ok: SYNONYM probably valid	synonym in other direction	http://www.theplantlist.org/tpl1.1/record/kew-444809
Strigosella africana var. laxa (Lam.) Botsch.	5373456	Strigosella africana (L.) Botsch.	5373440	verify: SYNONYM probably invalid	considered synonym of Malcolmia africana (L.) R.Br.	http://www.theplantlist.org/tpl1.1/record/tro-50202609
Symphoricarpos albus (L.) S.F.Blake	2888634	Symphoricarpos albus (L.) C. Koch	7523753	ok: SYNONYM probably valid	other author, should be verified further	
Symphyotrichum laeve (L.) A	7868501	Symphyotrichum laeve (L.) Á.Löve & D.Löve	8421156	ok: SYNONYM author variation	author variation	
Symphyotrichum lanceolatum (Willd.) G.L.Nesom	3151397	Aster lanceolatus (Hook.) Kuntze	7469966	verify: SYNONYM probably invalid	considered accepted	http://www.theplantlist.org/tpl1.1/record/gcc-112167
Symphyotrichum lateriflorum (L.) Á.Löve & D.Löve	7832723	Symphyotrichum lateriflorum	3151522	ok: SYNONYM valid	accepted has no author	
Symphyotrichum subulatum (Michx.) G.L.Nesom	3094253	Aster subulatus Hort. ex Steud.	7600444	ok: SYNONYM valid	synonym in same direction	http://www.theplantlist.org/tpl1.1/record/gcc-93622
Taeniatherum caput-medusae var. caput-medusae	4932718	Taeniatherum caput-medusae (L.) Nevski	2705666	ok: SYNONYM valid	synonym in same direction	http://www.theplantlist.org/tpl1.1/record/tro-25543951
Thinopyrum ponticum (Podp.) Barkworth & D.R.Dewey	2704143	Thinopyrum elongatum (Host) D.R.Dewey	4125808	verify: SYNONYM probably invalid	considered synonym of Elymus elongatus (Host) Runemark.	http://www.theplantlist.org/tpl1.1/record/kew-446502
Thymus pannonicus All.	5341447	Thymus pulegioides subsp. pannonicus (All.) Kerguélen	5605749	ok: SYNONYM valid	synonym in same direction	http://www.theplantlist.org/tpl1.1/record/kew-205212
Tinantia erecta (Jacq.) Schltdl.	8370695	Tinantia erecta (Jacq.) Fenzl	5303524	ok: SYNONYM probably valid	other author, should be verified further	
Trachyspermum ammi (L.) Sprague ex Turrill	8244019	Trachyspermum ammi (L.) Sprague	3034241	ok: SYNONYM author variation	ex author	
Trigonella corniculata (L.) L.	5360388	Trigonella balansae Boiss. & Reut.	5360384	ok: SYNONYM valid	synonym in same direction	http://www.theplantlist.org/tpl1.1/record/ild-9078
Trisetaria michelii (Savi) D.Heller	4114539	Rostraria festucoides (Link) Romero Zarco	5678081	ok: SYNONYM valid	synonym in same direction	http://www.theplantlist.org/tpl1.1/record/kew-447667
Triticum dicoccum Schrank ex Schübl.	8168170	Triticum turgidum subsp. dicoccum (Schrank ex Schübl.) Thell.	8389446	ok: SYNONYM probably valid	synonym in other direction	http://www.theplantlist.org/tpl1.1/record/kew-448565
Triticum durum Desf.	2706389	Triticum turgidum subsp. durum (Desf.) Husn.	6313051	ok: SYNONYM probably valid	synonym in other direction	http://www.theplantlist.org/tpl1.1/record/kew-448630
Triticum polonicum L.	2706421	Triticum turgidum subsp. polonicum (L.) Thell.	6313049	ok: SYNONYM probably valid	synonym in other direction	http://www.theplantlist.org/tpl1.1/record/kew-448906
Triticum spelta L.	2706402	Triticum aestivum subsp. spelta (L.) Thell.	2706403	ok: SYNONYM probably valid	synonym in other direction	http://www.theplantlist.org/tpl1.1/record/kew-449032
Tulipa tarda Stapf	5299589	Tulipa urumiensis Stapf	5299590	ok: SYNONYM probably valid	synonym in other direction	http://www.theplantlist.org/tpl1.1/record/kew-290007
Typhonium venosum (Dryand. ex Aiton) Hett. & P.C.Boyce	2869586	Sauromatum venosum (Dryand. ex Aiton) Kunth	2869597	ok: SYNONYM valid	synonym in same direction	http://www.theplantlist.org/tpl1.1/record/kew-209544
Urochloa mutica (Forssk.) T.Q.Nguyen	2705848	Brachiaria mutica (Forssk.) Stapf	2705851	ok: SYNONYM valid	synonym in same direction	http://www.theplantlist.org/tpl1.1/record/kew-449511
Urochloa plantaginea (Link) R.D.Webster	2705828	Panicum brevifolium L.	4153922	verify: SYNONYM probably invalid	considered synonym of Brachiaria plantaginea (Link) Hitchc.	http://www.theplantlist.org/tpl1.1/record/kew-449527
Urochloa platyphylla (Munro ex C.Wright) R.D.Webster	2705854	Brachiaria platyphylla (Munro ex C.Wright) Nash	2705857	ok: SYNONYM valid	synonym in same direction	http://www.theplantlist.org/tpl1.1/record/kew-449529
Verbesina alternifolia (L.) Britton	8691721	Verbesina alternifolia (L.) Britton ex Kearney	3147815	ok: SYNONYM author variation	ex author	
Vicia dalmatica A.Kern.	3973636	Vicia tenuifolia subsp. dalmatica (A.Kern.) Greuter	3971572	ok: SYNONYM valid	synonym in same direction	http://www.theplantlist.org/tpl1.1/record/ild-9106
Vicia loiseaui (Alleiz.) Fridl.	8341222	Vicia melanops var. loiseaui Alleiz.	2974823	verify: SYNONYM unresolved	unresolved, no further info	http://www.theplantlist.org/tpl1.1/record/kew-2897748
Vulpia alopecuros (Schousb.) Dumort.	7477513	Vulpia alopecuros (Schousb.) Link	5827791	ok: SYNONYM probably valid	other author, should be verified further	
Vulpia myuros var. megalura (Nutt.) Auquier	8091833	Vulpia myuros (L.) C.C.Gmel.	5289590	ok: SYNONYM valid	synonym in same direction	http://www.theplantlist.org/tpl1.1/record/kew-450055
Weigela floribunda (Siebold & Zucc.) K. Koch	2888732	Weigela floribunda (Sieb. & Zucc.) C. A. Mey.	8011733	ok: SYNONYM probably valid	other author, should be verified further	
Xanthium ambrosioides Hook. & Arn.	3089140	Xanthium spinosum L.	3089150	ok: SYNONYM valid	synonym in same direction	http://www.theplantlist.org/tpl1.1/record/gcc-80449
Xerochrysum bracteatum (Vent.) Tzvelev	3102871	Xerochrysum bracteatum (Vent.) Tzevelev	7415946	ok: SYNONYM author variation	author variation	
Zuloagaea bulbosa (Kunth) Bess	4138275	Panicum bulbosum Kunth	2705106	ok: SYNONYM valid	synonym in same direction	http://www.theplantlist.org/tpl1.1/record/kew-451002