AphiaID	Kingdom	Phylum	Class	Order	Family	Genus	Taxon	PlaceName	Distribution_id	Note	Beginyear	Occurrence	Origin	Invasiveness	Reference_id	Reference	Column
345943	Animalia	Arthropoda		Calanoida	Acartiidae	Acartia	Acartia (Acanthacartia) tonsa	Belgian Exclusive Economic Zone	642501	non-indigenous			Alien		132969	VLIZ Alien Species Consortium	
345943	Animalia	Arthropoda		Calanoida	Acartiidae	Acartia	Acartia (Acanthacartia) tonsa	Belgian part of the North Sea	856861		1952	Established	Alien	Not specified	71170	Kerckhof, F., Haelters, J.; Gollasch, S. (2007). Alien species in the marine and brackish ecosystem: the situation in Belgian waters. <em>Aquatic Invasions.</em> 2(3): 243-257.	
421137	Animalia	Arthropoda		Sessilia	Balanidae	Amphibalanus	Amphibalanus amphitrite	Belgian part of the North Sea	856862		1952	Established	Alien	Not specified	194863	Kerckhof, F. (1998). Het voorkomen van Balanus amphitrite langs de kust, in 1996 en 1997. <em>De Strandvlo.</em> 18(4): 170-179.	
421137	Animalia	Arthropoda		Sessilia	Balanidae	Amphibalanus	Amphibalanus amphitrite	Belgian part of the North Sea	817634			Reported	Alien	Uncertain	177060	Fofonoff, P.W.; Ruiz, G.M.; Steves, B.; Carlton, J.T. (2014). National Exotic Marine and Estuarine Species Information System (NEMESIS)	
421139	Animalia	Arthropoda		Sessilia	Balanidae	Amphibalanus	Amphibalanus improvisus	Belgian part of the North Sea	818772			Reported	Origin unknown	Uncertain	190963	Kerckhof, F.; Cattrijsse, A. (2001). Exotic Cirripedia (Balanomorpha) from buoys off the Belgian coast. <i>Senckenbergiana maritima</i>. 31: 245-254.	
421139	Animalia	Arthropoda		Sessilia	Balanidae	Amphibalanus	Amphibalanus improvisus	Belgian part of the North Sea	856863		1895	Established	Alien	Not specified	21711	Lameere A. (1895). Manuel de la Faune de Belgique. Tome I, Animaux non insectes. H. Lamertin, Bruxelles.	
421140	Animalia	Arthropoda		Sessilia	Balanidae	Amphibalanus	Amphibalanus reticulatus	Belgian part of the North Sea	817678		1999	Reported	Alien	Uncertain	177060	Fofonoff, P.W.; Ruiz, G.M.; Steves, B.; Carlton, J.T. (2014). National Exotic Marine and Estuarine Species Information System (NEMESIS)	
467513	Animalia	Arthropoda		Sessilia	Balanidae	Amphibalanus	Amphibalanus variegatus	Belgian part of the North Sea	814217		1997	Reported	Alien	Uncertain	190963	Kerckhof, F.; Cattrijsse, A. (2001). Exotic Cirripedia (Balanomorpha) from buoys off the Belgian coast. <i>Senckenbergiana maritima</i>. 31: 245-254.	
122885	Animalia	Nematoda	Chromadorea	Rhabditida	Anguillicolidae	Anguillicola	Anguillicola crassus	Belgian Exclusive Economic Zone	642483	non-indigenous			Alien		132969	VLIZ Alien Species Consortium	
122885	Animalia	Nematoda	Chromadorea	Rhabditida	Anguillicolidae	Anguillicola	Anguillicola crassus	Belgian part of the North Sea	814240			Uncertain	Alien	Uncertain	177036	DAISIE - European Invasive Alien Species Gateway	
458994	Animalia	Nematoda	Chromadorea	Rhabditida	Anguillicolidae	Anguillicoloides	Anguillicoloides crassus	Belgian part of the North Sea	856864		1985	Established	Alien	Not specified	194883	Belpaire, C.; De Charleroy, D.; Thomas, K.; Van Damme, P.; Ollevier, F.P. (1989). Effects of eel restocking on the distribution of the swimbladder nematode Anguillicola crassus in Flanders, Belgium. <em>J. Appl. Ichthyol.</em> 5(3): 151-153.	
144521	Plantae	Rhodophyta	Florideophyceae	Ceramiales	Ceramiaceae	Antithamnionella	Antithamnionella spirographidis	Belgian Exclusive Economic Zone	642456	non-indigenous			Alien		132969	VLIZ Alien Species Consortium	
163275	Plantae	Rhodophyta	Florideophyceae	Ceramiales	Ceramiaceae	Antithamnionella	Antithamnionella ternifolia	Belgian Exclusive Economic Zone	642460	non-indigenous			Alien		132969	VLIZ Alien Species Consortium	
163275	Plantae	Rhodophyta	Florideophyceae	Ceramiales	Ceramiaceae	Antithamnionella	Antithamnionella ternifolia	Belgian part of the North Sea	856865		1970	Established	Alien	Not specified	194857	Leloup, E. (1973). Recherches sur l'ostréiculture dans le bassin de chasse d'Ostende en 1970 et 1971. Bull. K. Belg. Inst. Nat. Wet. 49(10): 1-23 	
103647	Animalia	Chordata	Ascidiacea	Aplousobranchia	Polyclinidae	Aplidium	Aplidium glabrum	Belgian Exclusive Economic Zone	639819	non-indigenous			Alien		132969	VLIZ Alien Species Consortium	
103647	Animalia	Chordata	Ascidiacea	Aplousobranchia	Polyclinidae	Aplidium	Aplidium glabrum	Belgian part of the North Sea	856866		2000	Established	Alien	Not specified	147598	De Blauwe, H.; Dumoulin, E. (2009). De zeefauna en -flora uit de jachthaven van Zeebrugge, in het bijzonder de fouling-organismen van drijvende pontons De Strandvlo 29(2): 41-63	
106211	Animalia	Arthropoda		Sessilia	Balanidae	Balanus	Balanus amphitrite	Belgian Exclusive Economic Zone	642502	non-indigenous			Alien		132969	VLIZ Alien Species Consortium	
106218	Animalia	Arthropoda		Sessilia	Balanidae	Balanus	Balanus improvisus	Belgian Exclusive Economic Zone	642506	non-indigenous			Alien		132969	VLIZ Alien Species Consortium	
106223	Animalia	Arthropoda		Sessilia	Balanidae	Balanus	Balanus trigonus	Belgian part of the North Sea	826066	Location : Belgian waters<br/>Year first introduced or recorded : 1997-1998. [One empty specimen of B. trigonus was found on a buoy in Belgian waters in 1997-1998 (Kerckhof and Cattrijsse 2001).]		Reported	Alien	Uncertain	192639	U.S. National Museum of Natural History. (2002-2013). Invertebrate zoology collections database. 	
106223	Animalia	Arthropoda		Sessilia	Balanidae	Balanus	Balanus trigonus	Belgian part of the North Sea	824386	Location : Belgian waters<br/>Year first introduced or recorded : 1997-1998. [One empty specimen of B. trigonus was found on a buoy in Belgian waters in 1997-1998 (Kerckhof and Cattrijsse 2001).]		Reported	Alien	Uncertain	192733	Zullo, V. A. (1992). Balanus trigonus Darwin (Cirripedia, Balanidae) in the Atlantic Basin: an introduced species ?. Bulletin of Marine Science. 50, 66-74.	
111805	Animalia	Entoprocta		Coloniales	Barentsiidae	Barentsia	Barentsia ramosa	Belgian part of the North Sea	814297		1962	Reported	Alien	Uncertain	43003	Nielsen, C. (1989). Entoprocts: keys and notes for the identification of the species. <em>Synopses of the British fauna (New Series).</em> 41, 131p.	
246871	Chromista	Cercozoa	Ascetosporea	Haplosporida	Haplosporiidae	Bonamia	Bonamia ostreae	Belgian Exclusive Economic Zone	639809	non-indigenous			Alien		132969	VLIZ Alien Species Consortium	
246871	Chromista	Cercozoa	Ascetosporea	Haplosporida	Haplosporiidae	Bonamia	Bonamia ostreae	Belgian part of the North Sea	856867		1980	Established	Alien	Not specified	71170	Kerckhof, F., Haelters, J.; Gollasch, S. (2007). Alien species in the marine and brackish ecosystem: the situation in Belgian waters. <em>Aquatic Invasions.</em> 2(3): 243-257.	
148715	Animalia	Chordata	Ascidiacea	Stolidobranchia	Styelidae	Botrylloides	Botrylloides violaceus	Belgian Exclusive Economic Zone	642538	non-indigenous			Alien		132969	VLIZ Alien Species Consortium	
148715	Animalia	Chordata	Ascidiacea	Stolidobranchia	Styelidae	Botrylloides	Botrylloides violaceus	Belgian part of the North Sea	856868		2003	Established	Alien	Not specified	147598	De Blauwe, H.; Dumoulin, E. (2009). De zeefauna en -flora uit de jachthaven van Zeebrugge, in het bijzonder de fouling-organismen van drijvende pontons De Strandvlo 29(2): 41-63	
111158	Animalia	Bryozoa	Gymnolaemata	Cheilostomatida	Bugulidae	Bugula	Bugula neritina	Belgian part of the North Sea	814409		1999	Reported	Alien	Uncertain	177158	Molnar, J. L.; Gamboa, R. L.; Revenga, C.; Spalding, M. D. (2008). Assessing the global threat of invasive species to marine biodiversity. <em>Frontiers in Ecology and the Environment.</em> 6(9): 485-492.	
111162	Animalia	Bryozoa	Gymnolaemata	Cheilostomatida	Bugulidae	Bugula	Bugula simplex	Belgian Exclusive Economic Zone	642530	non-indigenous			Alien		132969	VLIZ Alien Species Consortium	
111162	Animalia	Bryozoa	Gymnolaemata	Cheilostomatida	Bugulidae	Bugula	Bugula simplex	Belgian part of the North Sea	856869		2000	Established	Alien	Not specified	1165	Kerckhof, F. (2001). Het mosdiertje <i>Bugula simplex</i> Hincks, 1886 (Bryozoa, Cheilostomatida) nieuw voor de Belgische fauna [The bryozoan <i>Bugula simplex</i> Hincks, 1886 (Bryozoa, Cheilostomatida) new species for the Belgian fauna]. <em>De Strandvlo.</em> 21(1): 36-39.	
111164	Animalia	Bryozoa	Gymnolaemata	Cheilostomatida	Bugulidae	Bugula	Bugula stolonifera	Belgian Coast	625682	In Belgische jachthavens.			Alien		130048	De_blauwe, H. (2009). Mosdiertjes van de Zuidelijke Bocht van de Noordzee: Determinatiewerk voor België en Nederland. <em>Vlaams Instituut voor de Zee, Oostende.</em> 464.	
111164	Animalia	Bryozoa	Gymnolaemata	Cheilostomatida	Bugulidae	Bugula	Bugula stolonifera	Belgian Exclusive Economic Zone	642531	non-indigenous			Alien		132969	VLIZ Alien Species Consortium	
111164	Animalia	Bryozoa	Gymnolaemata	Cheilostomatida	Bugulidae	Bugula	Bugula stolonifera	Belgian part of the North Sea	856870		1976	Established	Alien	Not specified	130048	De_blauwe, H. (2009). Mosdiertjes van de Zuidelijke Bocht van de Noordzee: Determinatiewerk voor België en Nederland. <em>Vlaams Instituut voor de Zee, Oostende.</em> 464.	
111164	Animalia	Bryozoa	Gymnolaemata	Cheilostomatida	Bugulidae	Bugula	Bugula stolonifera	Belgian part of the North Sea	815734			Reported	Alien	Not invasive	177060	Fofonoff, P.W.; Ruiz, G.M.; Steves, B.; Carlton, J.T. (2014). National Exotic Marine and Estuarine Species Information System (NEMESIS)	
107379	Animalia	Arthropoda	Malacostraca	Decapoda	Portunidae	Callinectes	Callinectes sapidus	Belgian Exclusive Economic Zone	642507	non-indigenous			Alien		132969	VLIZ Alien Species Consortium	
107379	Animalia	Arthropoda	Malacostraca	Decapoda	Portunidae	Callinectes	Callinectes sapidus	Belgian part of the North Sea	856871		1993	Established	Alien	Not specified	194866	Van Damme, P.; Maes, J. (1993). De Blauwe Zwemkrab Callinectes sapidus Rathbun, 1896 in de Westerschelde (België). <em>De Strandvlo.</em> 13(4): 120-121.	
107379	Animalia	Arthropoda	Malacostraca	Decapoda	Portunidae	Callinectes	Callinectes sapidus	Belgian part of the North Sea	815761			Established	Alien	Uncertain	177060	Fofonoff, P.W.; Ruiz, G.M.; Steves, B.; Carlton, J.T. (2014). National Exotic Marine and Estuarine Species Information System (NEMESIS)	
146768	Animalia	Arthropoda	Malacostraca	Amphipoda	Caprellidae	Caprella	Caprella mutica	Belgian Exclusive Economic Zone	642508	non-indigenous			Alien		132969	VLIZ Alien Species Consortium	
146768	Animalia	Arthropoda	Malacostraca	Amphipoda	Caprellidae	Caprella	Caprella mutica	Belgian part of the North Sea	818866	Location : Zeebrugge harbour<br/>Year first introduced or recorded : Region of first record: Zeebrugge harbour	1998	Established	Alien	Uncertain	177036	DAISIE - European Invasive Alien Species Gateway	
146768	Animalia	Arthropoda	Malacostraca	Amphipoda	Caprellidae	Caprella	Caprella mutica	Belgian part of the North Sea	856872		1998	Established	Alien	Not specified	147598	De Blauwe, H.; Dumoulin, E. (2009). De zeefauna en -flora uit de jachthaven van Zeebrugge, in het bijzonder de fouling-organismen van drijvende pontons De Strandvlo 29(2): 41-63	
146768	Animalia	Arthropoda	Malacostraca	Amphipoda	Caprellidae	Caprella	Caprella mutica	Belgian part of the North Sea	857088	Location: Zeebrugge Marina (1998) Shipping; Oostende Harbour Buoy (2002) Shipping	1998	Reported	Alien	Not specified	191857	Ashton, G. V.; Willis, K. J.; Cook, E. J.; Burrows, M. (2007). Distribution of the introduced amphipod, Caprella mutica Schurin, 1935 (Amphipoda: Caprellida: Caprellidae) on the west coast of Scotland and a review of its global distribution. <em>Hydrobiologia.</em> 590(1): 31-41.	
146768	Animalia	Arthropoda	Malacostraca	Amphipoda	Caprellidae	Caprella	Caprella mutica	Belgian part of the North Sea	857420		1998	Established	Alien	Not specified	190788	Cook, J. E.; Jahnke, M.; Kerckhof, F.; Minchin, D.; Faasse, M.; Boos, K.; Ashton, G. (2007). European expansion of the introduced amphipod Caprella mutica Schurin 1935. <em>Aquatic Invasions.</em> 2: 411-421.	
145606	Plantae	Rhodophyta	Florideophyceae	Gigartinales	Caulacanthaceae	Caulacanthus	Caulacanthus ustulatus	Belgian Exclusive Economic Zone	772612	non-indigenous	2011		Alien		132969	VLIZ Alien Species Consortium	
145606	Plantae	Rhodophyta	Florideophyceae	Gigartinales	Caulacanthaceae	Caulacanthus	Caulacanthus ustulatus	Belgian part of the North Sea	856873	Belgian coast 	2011	Established	Alien	Not specified	162899	Kerckhof, F.; Verbeke, D.; Bauwens, F. (2012). Nieuws uit de Baai van Heist: de roodwieren Caulacanthus ustulatus (Mertens ex Turner) Kützing, 1843 en Gracilaria vermiculophylla (Ohmi) Papenfuss 1967 nieuw voor de Belgische kust en een merkwaardig habitat van intertidale mossels De Strandvlo 32(1): 19-23	
148582	Animalia	Arthropoda	Malacostraca	Amphipoda	Corophiidae	Chelicorophium	Chelicorophium curvispinum	Belgian Exclusive Economic Zone	642510	non-indigenous			Alien		132969	VLIZ Alien Species Consortium	
148582	Animalia	Arthropoda	Malacostraca	Amphipoda	Corophiidae	Chelicorophium	Chelicorophium curvispinum	Belgian part of the North Sea	856927	estuaries and river basins	1981	Established	Alien	Not specified	195441	Wouters, K.A. (1985). Corophium curvispinum Sars, 1895 in the river Meuse, Belgium. <em>Crustaceana.</em> 48(2): 218-220.	
370562	Plantae	Chlorophyta	Ulvophyceae	Bryopsidales	Codiaceae	Codium	Codium fragile subsp. fragile	Belgian Exclusive Economic Zone	642462	non-indigenous			Alien		132969	VLIZ Alien Species Consortium	
370562	Plantae	Chlorophyta	Ulvophyceae	Bryopsidales	Codiaceae	Codium	Codium fragile subsp. fragile	Belgian part of the North Sea	856874		1939	Established	Alien	Not specified	95136	Leloup, E. & O. Miller. (1940). La flore et la faune du Bassin de Chasse d'Ostende (1937-1938). Mémoires du Musée Royal d'Histoire Naturelle de Belgique 94:1-112, pls. 1-3. (30-iv-1940)	
117428	Animalia	Cnidaria	Hydrozoa	Anthoathecata	Cordylophoridae	Cordylophora	Cordylophora caspia	Belgian Exclusive Economic Zone	642474	non-indigenous			Alien		132969	VLIZ Alien Species Consortium	
117428	Animalia	Cnidaria	Hydrozoa	Anthoathecata	Cordylophoridae	Cordylophora	Cordylophora caspia	Belgian part of the North Sea	856875	Brackish, harbour Niewpoort, Belgian coast	1905	Established	Alien	Not specified	36609	Loppens, K., 1905. Rapide multiplication de quelques bryozoaires et hydroïdes. Annls Soc. r. zool. malacol. Belg. 40 : xxii-xxiii.	
127180	Animalia	Chordata	Actinopteri	Salmoniformes	Salmonidae	Coregonus	Coregonus lavaretus	Belgian part of the North Sea	814609			Established	Alien	Uncertain	177036	DAISIE - European Invasive Alien Species Gateway	
156632	Chromista	Ochrophyta	Bacillariophyceae	Coscinodiscales	Coscinodiscaceae	Coscinodiscus	Coscinodiscus wailesii	Belgian Coast	642465	non-indigenous			Alien		132969	VLIZ Alien Species Consortium	
156632	Chromista	Ochrophyta	Bacillariophyceae	Coscinodiscales	Coscinodiscaceae	Coscinodiscus	Coscinodiscus wailesii	Belgian Coast	639811		1977		Alien		71170	Kerckhof, F., Haelters, J.; Gollasch, S. (2007). Alien species in the marine and brackish ecosystem: the situation in Belgian waters. <em>Aquatic Invasions.</em> 2(3): 243-257.	
156632	Chromista	Ochrophyta	Bacillariophyceae	Coscinodiscales	Coscinodiscaceae	Coscinodiscus	Coscinodiscus wailesii	Belgian part of the North Sea	856876			Established	Alien	Not specified	194859	Laing, I.; Gollasch, S. (2002). Coscinodiscus wailesii: a nuisance diatom in European waters, in: Leppäkoski, E. et al. (Ed.) (2002). Invasive aquatic species of Europe: distribution, impacts and management. pp. 53-55 	
140656	Animalia	Mollusca	Bivalvia	Ostreoida	Ostreidae	Crassostrea	Crassostrea gigas	Belgian Exclusive Economic Zone	642485	non-indigenous			Alien		132969	VLIZ Alien Species Consortium	
140656	Animalia	Mollusca	Bivalvia	Ostreoida	Ostreidae	Crassostrea	Crassostrea gigas	Belgian part of the North Sea	818947	Location : Belgian coast<br/>Year first introduced or recorded : 1960-1969 - Belgian coast		Established	Alien	Uncertain	177036	DAISIE - European Invasive Alien Species Gateway	
140656	Animalia	Mollusca	Bivalvia	Ostreoida	Ostreidae	Crassostrea	Crassostrea gigas	Belgian part of the North Sea	856877		1969	Established	Alien	Not specified	194876	ICES Advisory Committee on the Marine Environment (2006). Working Group on Introductions and Transfers of Marine Organisms (WGITMO)16-17 March 2006 Oostende, Belgium. <em>CM Documents - ICES, CM 2006(ACME:05).</em> ICES: Copenhagen. 330 pp.	
138963	Animalia	Mollusca	Gastropoda	Littorinimorpha	Calyptraeidae	Crepidula	Crepidula fornicata	Belgian Exclusive Economic Zone	642486	non-indigenous			Alien		132969	VLIZ Alien Species Consortium	
138963	Animalia	Mollusca	Gastropoda	Littorinimorpha	Calyptraeidae	Crepidula	Crepidula fornicata	Belgian part of the North Sea	814684		1911	Established	Alien	Uncertain	177036	DAISIE - European Invasive Alien Species Gateway	
138963	Animalia	Mollusca	Gastropoda	Littorinimorpha	Calyptraeidae	Crepidula	Crepidula fornicata	Belgian part of the North Sea	856878		1911	Established	Alien	Not specified	133198	Polk, P. (1962). Contribution to the knowledge on the marine fauna of the Belgian coast: 4. Control of the oyster pest Crepidula fornicata L. in the Sluice Dock at Ostend [Bijdrage tot de kennis der mariene fauna van de Belgische kust: 4. De bestrijding van de oesterplaag Crepidula fornicata L. in de Spuikom te Oostende]. Biol. Jb. Dodonaea 30: 37-46 	
154582	Animalia	Chordata	Actinopteri	Cypriniformes	Cyprinidae	Cyprinus	Cyprinus carpio	Belgian part of the North Sea	814740			Established	Alien	Uncertain	177036	DAISIE - European Invasive Alien Species Gateway	
395099	Animalia	Cnidaria	Anthozoa	Actiniaria	Diadumenidae	Diadumene	Diadumene lineata	Belgian part of the North Sea	856912	estuaries, Ostend Sluice Dock (Spuikom), Belgian coast	1998	Established	Alien	Not specified	71170	Kerckhof, F., Haelters, J.; Gollasch, S. (2007). Alien species in the marine and brackish ecosystem: the situation in Belgian waters. <em>Aquatic Invasions.</em> 2(3): 243-257.	
148586	Animalia	Arthropoda	Malacostraca	Amphipoda	Gammaridae	Dikerogammarus	Dikerogammarus villosus	Belgian part of the North Sea	856925	estuaries and river basins	2005	Established	Alien	Not specified	195439	Boets, P.; Lock, K.; Goethals, P. L. M. (2010). Using long-term monitoring to investigate the changes in species composition in the harbour of Ghent (Belgium). <em>Hydrobiologia.</em> 663(1): 155-166.	
103579	Animalia	Chordata	Ascidiacea	Aplousobranchia	Didemnidae	Diplosoma	Diplosoma listerianum	Belgian Exclusive Economic Zone	642540	non-indigenous			Alien		132969	VLIZ Alien Species Consortium	
103579	Animalia	Chordata	Ascidiacea	Aplousobranchia	Didemnidae	Diplosoma	Diplosoma listerianum	Belgian part of the North Sea	856921	not observed since 2011	2002	Uncertain	Origin unknown	Not specified	1071	De Blauwe, Hans	
490139	Animalia	Arthropoda	Malacostraca	Amphipoda	Gammaridae	Echinogammarus	Echinogammarus trichiatus	Belgian part of the North Sea	814836	Year first introduced or recorded : June 2009	2009	Reported	Alien	Of concern	177008	Boets, P.; Lock, K.; Tempelman, D.; Van Haaren, T.; Platvoet, D.; Goethals, P.L.M. (2012). First occurrence of the Ponto-Caspian amphipod Echinogammarus trichiatus (Martynov, 1932) (Crustacea: Gammaridae) in Belgium. BioInvasions Records 1(2): 115–120.	
106209	Animalia	Arthropoda		Sessilia	Austrobalanidae	Elminius	Elminius modestus	Belgian Exclusive Economic Zone	642511	non-indigenous			Alien		132969	VLIZ Alien Species Consortium	
106209	Animalia	Arthropoda		Sessilia	Austrobalanidae	Elminius	Elminius modestus	Belgian part of the North Sea	856879		1950	Established	Alien	Not specified	95568	Leloup, E; Lefevre, S. (1952). Sur la présence dans les eaux de la côte belge du Cirripède Elminius modestus Darwin, 1854, du Copépode parasite Mytilicola intestinalis Steuer, 1902, et du Polychète Mercierella enigmatica Fauvel, 1922. <em>Bulletin de l'Institut Royal des Sciences Naturelles de Belgique, Biologie.</em> 28(48):1-12, figs. 1-7, pl. 1. (viii-1952).	
140732	Animalia	Mollusca	Bivalvia	[unassigned] Euheterodonta	Pharidae	Ensis	Ensis directus	Belgian Exclusive Economic Zone	642487	non-indigenous			Alien		132969	VLIZ Alien Species Consortium	
140732	Animalia	Mollusca	Bivalvia	[unassigned] Euheterodonta	Pharidae	Ensis	Ensis directus	Belgian part of the North Sea	856880		1987	Established	Alien	Not specified	194877	Kerckhof, F.; Dumoulin, E. (1987). Eerste vondsten van de Amerikaanse zwaardschede Ensis directus (Conrad, 1843) langs de Belgische kust. <em>De Strandvlo.</em> 7(2): 51-52.	
107451	Animalia	Arthropoda	Malacostraca	Decapoda	Varunidae	Eriocheir	Eriocheir sinensis	Belgian Exclusive Economic Zone	642513	non-indigenous			Alien		132969	VLIZ Alien Species Consortium	
107451	Animalia	Arthropoda	Malacostraca	Decapoda	Varunidae	Eriocheir	Eriocheir sinensis	Belgian part of the North Sea	816663		1933	Established	Alien	Uncertain	177036	DAISIE - European Invasive Alien Species Gateway	
107451	Animalia	Arthropoda	Malacostraca	Decapoda	Varunidae	Eriocheir	Eriocheir sinensis	Belgian part of the North Sea	856881		1933	Established	Alien	Not specified	192709	Wouters, Karel (2002) On the distribution of alien non-marine and estuarine macro-crustaceans in Belgium., Bulletin Van Het Koninklijk Instituut Voor Natuurwetenschappen, Biologie. 17: 119-129	
104873	Animalia	Arthropoda		Calanoida	Temoridae	Eurytemora	Eurytemora americana	Belgian Exclusive Economic Zone	642514	non-indigenous			Alien		132969	VLIZ Alien Species Consortium	
130988	Animalia	Annelida	Polychaeta	Sabellida	Serpulidae	Ficopomatus	Ficopomatus enigmaticus	Belgian Exclusive Economic Zone	642484	non-indigenous			Alien		132969	VLIZ Alien Species Consortium	
130988	Animalia	Annelida	Polychaeta	Sabellida	Serpulidae	Ficopomatus	Ficopomatus enigmaticus	Belgian part of the North Sea	856882		1950	Established	Alien	Not specified	95568	Leloup, E; Lefevre, S. (1952). Sur la présence dans les eaux de la côte belge du Cirripède Elminius modestus Darwin, 1854, du Copépode parasite Mytilicola intestinalis Steuer, 1902, et du Polychète Mercierella enigmatica Fauvel, 1922. <em>Bulletin de l'Institut Royal des Sciences Naturelles de Belgique, Biologie.</em> 28(48):1-12, figs. 1-7, pl. 1. (viii-1952).	
102296	Animalia	Arthropoda	Malacostraca	Amphipoda	Gammaridae	Gammarus	Gammarus tigrinus	Belgian part of the North Sea	856926	estuaries and river basins	1991	Established	Alien	Not specified	195440	Messiaen, M.; Lock, K.; Gabriels, W.; Vercauteren, Th.; Wouters, K.; Boets, P.; Goethals, P.L.M. (2010). Alien macrocrustaceans in freshwater ecosystems in the eastern part of Flanders (Belgium). <em>Belg. J. Zool.</em> 140(1): 30-39.	
117340	Animalia	Cnidaria	Hydrozoa	Anthoathecata	Bougainvilliidae	Garveia	Garveia franciscana	Belgian part of the North Sea	856916	estuaries, Zeeschelde	1962	Established	Alien	Not specified	26799	Vervoort, W. (1964). Note on the distribution of Garveia franciscana (Torrey, and Cordylophora caspia (Pallas, 1771) in the Netherlands. <em>Zool. Meded., Leiden.</em> 39: 125-146.	
117340	Animalia	Cnidaria	Hydrozoa	Anthoathecata	Bougainvilliidae	Garveia	Garveia franciscana	Belgian part of the North Sea	825092	Location : lower Scheldt 	1962	Reported	Alien	Uncertain	26799	Vervoort, W. (1964). Note on the distribution of Garveia franciscana (Torrey, and Cordylophora caspia (Pallas, 1771) in the Netherlands. <em>Zool. Meded., Leiden.</em> 39: 125-146.	
117768	Animalia	Cnidaria	Hydrozoa	Limnomedusae	Olindiidae	Gonionemus	Gonionemus vertens	Belgian part of the North Sea	826297	Location : Oostende	1946	Reported	Alien	Uncertain	191869	Bakker, C. (1980) On the distribution of Gonionemus vertens A. Agassiz (Hydrozoa, Limnomedusae), a new species in the eelgrass beds of Lake Grevelingen (S. W. Netherlands),Hydrobiological Bulletin 14: 186-195	
117768	Animalia	Cnidaria	Hydrozoa	Limnomedusae	Olindiidae	Gonionemus	Gonionemus vertens	Belgian part of the North Sea	826617	Location : Oostende	1946	Reported	Alien	Uncertain	192702	Wolff, W. J. (2005). Non-indigenous marine and estuarine species in the Netherlands. <em>Zoologische Verhandelingen.</em> 79, 1-116.	
117768	Animalia	Cnidaria	Hydrozoa	Limnomedusae	Olindiidae	Gonionemus	Gonionemus vertens	Belgian part of the North Sea	825099	Location : Oostende	1946	Reported	Alien	Uncertain	24164	Edwards, C. (1976). A study in erratic distribution: the occurrence of the medusa Gonionemus  in relation to the distribution of oysters. <em>Adv. mar. Biol.</em> 14, 251-284.	
236157	Plantae	Rhodophyta	Florideophyceae	Gracilariales	Gracilariaceae	Gracilaria	Gracilaria vermiculophylla	Belgian Exclusive Economic Zone	772613	non-indigenous	2011		Alien		132969	VLIZ Alien Species Consortium	
236157	Plantae	Rhodophyta	Florideophyceae	Gracilariales	Gracilariaceae	Gracilaria	Gracilaria vermiculophylla	Belgian part of the North Sea	856883	Belgian coast	2011	Established	Alien	Not specified	162899	Kerckhof, F.; Verbeke, D.; Bauwens, F. (2012). Nieuws uit de Baai van Heist: de roodwieren Caulacanthus ustulatus (Mertens ex Turner) Kützing, 1843 en Gracilaria vermiculophylla (Ohmi) Papenfuss 1967 nieuw voor de Belgische kust en een merkwaardig habitat van intertidale mossels De Strandvlo 32(1): 19-23	
132883	Animalia	Porifera	Demospongiae	Haplosclerida	Chalinidae	Haliclona	Haliclona (Soestella) xena	Belgian Exclusive Economic Zone	642481	non-indigenous			Alien		132969	VLIZ Alien Species Consortium	
132883	Animalia	Porifera	Demospongiae	Haplosclerida	Chalinidae	Haliclona	Haliclona (Soestella) xena	Belgian part of the North Sea	856884		1988	Established	Alien	Not specified	127143	van Soest, R.W.M.; de Kluijver, M.J.; van Bragt, P.H.; Faasse, M.; Nijland, R.; Beglinger, E.J.; de Weerdt, W.H.; de Voogd, N.J. 2007. Sponge invaders in Dutch coastal waters. Journal of the Marine Biological Association of the United Kingdom 87 (6): 1733-1748.	
151553	Animalia	Cnidaria	Anthozoa	Actiniaria	Haliplanellidae	Haliplanella	Haliplanella lineata	Belgian part of the North Sea	819088	Location : Spuikom (Sluice dock of Oostende)<br/>Year first introduced or recorded : Region of first record: Spuikom (Sluice Dock)	1998	Reported	Alien	Uncertain	177036	DAISIE - European Invasive Alien Species Gateway	
111379	Animalia	Bryozoa	Gymnolaemata	Cheilostomatida	Haplopomidae	Haplopoma	Haplopoma graniferum	Belgian Coast	625805	Af en toe aangetroffen op aangespoeld plastic of op aangespoelde riemwiervoetjes.	1999		Alien		130048	De_blauwe, H. (2009). Mosdiertjes van de Zuidelijke Bocht van de Noordzee: Determinatiewerk voor België en Nederland. <em>Vlaams Instituut voor de Zee, Oostende.</em> 464.	
111380	Animalia	Bryozoa	Gymnolaemata	Cheilostomatida	Haplopomidae	Haplopoma	Haplopoma impressum	Belgian Coast	625808	Op aangespoeld plastic of op aangespoelde riemwiervoetjes.	1999		Alien		130048	De_blauwe, H. (2009). Mosdiertjes van de Zuidelijke Bocht van de Noordzee: Determinatiewerk voor België en Nederland. <em>Vlaams Instituut voor de Zee, Oostende.</em> 464.	
107454	Animalia	Arthropoda	Malacostraca	Decapoda	Varunidae	Hemigrapsus	Hemigrapsus penicillatus	Belgian Coast	642516	non-indigenous			Alien		132969	VLIZ Alien Species Consortium	
158417	Animalia	Arthropoda	Malacostraca	Decapoda	Varunidae	Hemigrapsus	Hemigrapsus sanguineus	Belgian Exclusive Economic Zone	642517	non-indigenous			Alien		132969	VLIZ Alien Species Consortium	
158417	Animalia	Arthropoda	Malacostraca	Decapoda	Varunidae	Hemigrapsus	Hemigrapsus sanguineus	Belgian part of the North Sea	856885		2006	Established	Alien	Not specified	194867	d'Udekem d'Acoz, C. (2006). First record of the Asian shore crab Hemigrapsus sanguineus (De Haan, 1835) in Belgium (Crustacea, Brachyura, Grapsoidea). <em>De Strandvlo.</em> 26(3): 74-82.	
389288	Animalia	Arthropoda	Malacostraca	Decapoda	Varunidae	Hemigrapsus	Hemigrapsus takanoi	Belgian part of the North Sea	856886		2003	Established	Alien	Not specified	194868	Dumoulin, E. (2004). Snelle areaaluitbreiding van het penseelkrabbetje Hemigrapsus penicillatus (de Haan, 1835) langs de kusten van de Zuidelijke Bocht van de Noordzee, status van haar opmars in de Westerschelde en beschouwingen over de ecologie en het gedrag van de soort. <em>De Strandvlo.</em> 24(1): 5-35.	
120025	Animalia	Arthropoda	Malacostraca	Mysida	Mysidae	Hemimysis	Hemimysis anomala	Belgian Exclusive Economic Zone	642520	non-indigenous			Alien		132969	VLIZ Alien Species Consortium	
120025	Animalia	Arthropoda	Malacostraca	Mysida	Mysidae	Hemimysis	Hemimysis anomala	Belgian part of the North Sea	856923	estuaries, Schelde	1999	Established	Alien	Not specified	17866	Verslycke T., Janssen C., Lock K. & Mees J. (2000). First occurrence of the Pontocaspian invader Hemimysis anomala (Sars, 1907) in Belgium (Crustacea: Mysidacea). Belgian Journal of Zoology, 130, 2, 157-158.	
148579	Animalia	Arthropoda	Malacostraca	Amphipoda	Pleustidae	Incisocalliope	Incisocalliope aestuarius	Belgian Coast	642521	non-indigenous			Alien		132969	VLIZ Alien Species Consortium	
148579	Animalia	Arthropoda	Malacostraca	Amphipoda	Pleustidae	Incisocalliope	Incisocalliope aestuarius	Belgian part of the North Sea	856924	estuaries, Schelde	1996	Established	Alien	Not specified	1141	Faasse, M.; Van Moorsel, G. (2003). The North-American amphipods, <i>Melita nitida</i> Smith, 1873 and <i>Incisocalliope aestuarius</i> (Watling and Maurer, 1973) (Crustacea: Amphipoda: Gammaridea), introduced to the western Scheldt estuary (The Netherlands). <i>Aquat. Ecol. 37(1)</i>: 13-22	
248010	Animalia	Rotifera	Eurotatoria	Ploima	Brachionidae	Keratella	Keratella tropica	Belgian part of the North Sea	856928	estuaries and river basins	1974	Established	Alien	Not specified	195442	Coussement, M. (1977). Nieuwe gegevens omtrent de Rotatoria-fauna van het Donkmeer in Oost-Vlaanderen. <em>Natuurwet. Tijdschr.</em> 58(3): 138-146.	
154321	Animalia	Chordata	Actinopteri	Cypriniformes	Cyprinidae	Leucaspius	Leucaspius delineatus	Belgian part of the North Sea	817111			Uncertain	Alien	Uncertain	177036	DAISIE - European Invasive Alien Species Gateway	
181523	Animalia	Annelida	Polychaeta	Spionida	Spionidae	Marenzelleria	Marenzelleria neglecta	Belgian part of the North Sea	856917	estuaries, Zeeschelde, Westerschelde	1996	Established	Alien	Not specified	18435	Ysebaert T., De Neve L. & Meire P. (2000). The subtidal macrobenthos in the mesohaline part of the Schelde Estuary (Belgium): influenced by man?. Journal of the Marine Biological Association of the United Kingdom, 80, 4, 587-597.	
131135	Animalia	Annelida	Polychaeta	Spionida	Spionidae	Marenzelleria	Marenzelleria viridis	Belgian part of the North Sea	817189	In the Schelde estuary a first record (two specimens) of the spionid Marenzelleria viridis (Polychaeta, Spionidae) was made on 23th October 1996 at Doel, near the Dutch-Belgian border.	1996	Reported	Origin unknown	Uncertain	191399	Ysebaert, T.; Meire, P.; De Block, M.; De Regge, N.; Soors, J. (1997). A first record of Marenzelleria viridis Verrill, 1873) (Polychaeta, Spionidae) in the Schelde estuary (Belgium). <em>Biol. Jaarb. Dodonea.</em> 64: 176-181.	
149682	Animalia	Arthropoda		Sessilia	Balanidae	Megabalanus	Megabalanus coccopoma	Belgian Exclusive Economic Zone	642522	non-indigenous			Alien		132969	VLIZ Alien Species Consortium	
149682	Animalia	Arthropoda		Sessilia	Balanidae	Megabalanus	Megabalanus coccopoma	Belgian part of the North Sea	856887		1997	Established	Alien	Not specified	190963	Kerckhof, F.; Cattrijsse, A. (2001). Exotic Cirripedia (Balanomorpha) from buoys off the Belgian coast. <i>Senckenbergiana maritima</i>. 31: 245-254.	
149682	Animalia	Arthropoda		Sessilia	Balanidae	Megabalanus	Megabalanus coccopoma	Belgian part of the North Sea	825279	Location : Belgian waters<br/>Year first introduced or recorded : 1997-1999. [In 1997-1999, M. coccopoma was found to be widespread on buoys in Belgian waters.]		Established	Alien	Uncertain	190963	Kerckhof, F.; Cattrijsse, A. (2001). Exotic Cirripedia (Balanomorpha) from buoys off the Belgian coast. <i>Senckenbergiana maritima</i>. 31: 245-254.	
106225	Animalia	Arthropoda		Sessilia	Balanidae	Megabalanus	Megabalanus tintinnabulum	Belgian Exclusive Economic Zone	642523	non-indigenous			Alien		132969	VLIZ Alien Species Consortium	
106225	Animalia	Arthropoda		Sessilia	Balanidae	Megabalanus	Megabalanus tintinnabulum	Belgian part of the North Sea	856888		1998	Established	Alien	Not specified	190963	Kerckhof, F.; Cattrijsse, A. (2001). Exotic Cirripedia (Balanomorpha) from buoys off the Belgian coast. <i>Senckenbergiana maritima</i>. 31: 245-254.	
146922	Animalia	Arthropoda	Malacostraca	Amphipoda	Melitidae	Melita	Melita nitida	Belgian part of the North Sea	856911	Brackish, Zeeschelde	1996	Established	Alien	Not specified	195435	Boets, P.; Lock, K.; Goethals, P. L. M. (2011). Assessing the importance of alien macro-Crustacea (Malacostraca) within macroinvertebrate assemblages in Belgian coastal harbours. <em>Helgoland Marine Research.</em> 66(2): 175-187.	
141919	Animalia	Mollusca	Bivalvia	Veneroida	Veneridae	Mercenaria	Mercenaria mercenaria	Belgian Exclusive Economic Zone	642488	non-indigenous			Alien		132969	VLIZ Alien Species Consortium	
141919	Animalia	Mollusca	Bivalvia	Veneroida	Veneridae	Mercenaria	Mercenaria mercenaria	Belgian part of the North Sea	819098	Location : Spuikom (Sluice Dock)<br/>Year first introduced or recorded : 1930s		Established	Alien	Uncertain	177036	DAISIE - European Invasive Alien Species Gateway	
151158	Animalia	Chordata	Actinopteri	Perciformes	Sciaenidae	Micropogonias	Micropogonias undulatus	Belgian Exclusive Economic Zone	642546	non-indigenous			Alien		132969	VLIZ Alien Species Consortium	
151158	Animalia	Chordata	Actinopteri	Perciformes	Sciaenidae	Micropogonias	Micropogonias undulatus	Belgian part of the North Sea	817252		1998	Reported	Alien	Uncertain	1093	Rappé, G. (2002). Eerste vangst van <i>Micropogonias undulatus</i> (Linnaeus, 1766), een Amerikaanse vis, in Belgische en Europese wateren [First catch of <i>Micropogonias undulatus</i> (Linnaeus, 1766), an American fish, in Belgian and European waters]. <i>De Strandvlo 22(3-4)</i>: 119-121	
151158	Animalia	Chordata	Actinopteri	Perciformes	Sciaenidae	Micropogonias	Micropogonias undulatus	Belgian part of the North Sea	856889		1998	Established	Alien	Not specified	194875	Kerckhof, F. (2006). National report Belgium, 2005, in: ICES Advisory Committee on the Marine Environment (2006). Working Group on Introductions and Transfers of Marine Organisms (WGITMO) 16-17 March 2006 Oostende, Belgium. CM Documents - ICES, CM 2006(ACME:05): pp. 43-45 	
106401	Animalia	Ctenophora	Tentaculata	Lobata	Bolinopsidae	Mnemiopsis	Mnemiopsis leidyi	Belgian Exclusive Economic Zone	817273			Established	Alien	Invasive	162989	Van Ginderdeuren, K.; Hostens, K.; Hoffman, S.; Vansteenbrugge, L.; Soenen, K.; De_Blauwe, H.; Robbens, J.; Vincx, M. (2012). Distribution of the invasive ctenophore Mnemiopsis leidyi in the Belgian part of the North Sea. <em>Aquatic Invasions.</em> 7(2): 163-169.	
106401	Animalia	Ctenophora	Tentaculata	Lobata	Bolinopsidae	Mnemiopsis	Mnemiopsis leidyi	Belgian Exclusive Economic Zone	642478	non-indigenous			Alien		132969	VLIZ Alien Species Consortium	
106401	Animalia	Ctenophora	Tentaculata	Lobata	Bolinopsidae	Mnemiopsis	Mnemiopsis leidyi	Belgian part of the North Sea	856890		2007	Established	Alien	Not specified	162989	Van Ginderdeuren, K.; Hostens, K.; Hoffman, S.; Vansteenbrugge, L.; Soenen, K.; De_Blauwe, H.; Robbens, J.; Vincx, M. (2012). Distribution of the invasive ctenophore Mnemiopsis leidyi in the Belgian part of the North Sea. <em>Aquatic Invasions.</em> 7(2): 163-169.	
106401	Animalia	Ctenophora	Tentaculata	Lobata	Bolinopsidae	Mnemiopsis	Mnemiopsis leidyi	Belgian part of the North Sea	819104	Year first introduced or recorded : First sightings in August 2007 but most probably the species has been present for a long time.	2007	Established	Alien	Invasive	162989	Van Ginderdeuren, K.; Hostens, K.; Hoffman, S.; Vansteenbrugge, L.; Soenen, K.; De_Blauwe, H.; Robbens, J.; Vincx, M. (2012). Distribution of the invasive ctenophore Mnemiopsis leidyi in the Belgian part of the North Sea. <em>Aquatic Invasions.</em> 7(2): 163-169.	
103788	Animalia	Chordata	Ascidiacea	Stolidobranchia	Molgulidae	Molgula	Molgula manhattensis	Belgian Exclusive Economic Zone	642542	non-indigenous			Alien		132969	VLIZ Alien Species Consortium	
103788	Animalia	Chordata	Ascidiacea	Stolidobranchia	Molgulidae	Molgula	Molgula manhattensis	Belgian part of the North Sea	856891		1847	Established	Alien	Not specified	162709	Van Beneden, P.-J. (1847). Recherches sur l'embryogénie, l'anatomie et la physiologie des Ascidies simples. Mém. Acad. R. Sci. Lett. B.-Arts Belg., Collect. 4 XX: 1-66, plates I-IV	
103788	Animalia	Chordata	Ascidiacea	Stolidobranchia	Molgulidae	Molgula	Molgula manhattensis	Belgian part of the North Sea	825376	Location : Oostende		Reported	Alien	Uncertain	192217	Haydar, D.; Hoarau, G.; Olsen, J. L.; Stam, W. T.; Wolff, W. J. (2010). Introduced or glacial relict? Phylogeography of the cryptogenic tunicate Molgula manhattensis (Ascidiacea, Pleurogona). <em>Diversity and Distributions.</em> 17(1): 68-80.	
148603	Animalia	Arthropoda	Malacostraca	Amphipoda	Corophiidae	Monocorophium	Monocorophium sextonae	Belgian Exclusive Economic Zone	642525	non-indigenous			Alien		132969	VLIZ Alien Species Consortium	
148603	Animalia	Arthropoda	Malacostraca	Amphipoda	Corophiidae	Monocorophium	Monocorophium sextonae	Belgian part of the North Sea	856892		1993	Established	Alien	Not specified	1656	Dewicke, A. (2002). De hyperbenthische gemeenschappen van de Noordzee [Hyperbenthic communities of the North Sea]. PhD Thesis. Universiteit Gent (RUG): Gent, Belgium. 219 + 1 cd-rom pp.	
140430	Animalia	Mollusca	Bivalvia	Myoida	Myidae	Mya	Mya arenaria	Belgian Exclusive Economic Zone	642489	non-indigenous			Alien		132969	VLIZ Alien Species Consortium	
140430	Animalia	Mollusca	Bivalvia	Myoida	Myidae	Mya	Mya arenaria	Belgian part of the North Sea	817340			Established	Alien	Uncertain	177036	DAISIE - European Invasive Alien Species Gateway	
140430	Animalia	Mollusca	Bivalvia	Myoida	Myidae	Mya	Mya arenaria	Belgian part of the North Sea	856893	first observation before 1810		Established	Alien	Not specified	71170	Kerckhof, F., Haelters, J.; Gollasch, S. (2007). Alien species in the marine and brackish ecosystem: the situation in Belgian waters. <em>Aquatic Invasions.</em> 2(3): 243-257.	
168589	Animalia	Porifera	Demospongiae	Poecilosclerida	Mycalidae	Mycale	Mycale (Carmia) micracanthoxea	Belgian Exclusive Economic Zone	642482	non-indigenous			Alien		132969	VLIZ Alien Species Consortium	
128900	Animalia	Arthropoda		Poecilostomatoida	Mytilicolidae	Mytilicola	Mytilicola intestinalis	Belgian Exclusive Economic Zone	642526	non-indigenous			Alien		132969	VLIZ Alien Species Consortium	
128900	Animalia	Arthropoda		Poecilostomatoida	Mytilicolidae	Mytilicola	Mytilicola intestinalis	Belgian part of the North Sea	856894		1950	Established	Alien	Not specified	95129	Leloup, E. (1951). Sur la présence de Mytilicola intestinalis Steuer le long de la côte de Belgique. <em>Revue des Travaux de l'Office Scientifique et Technique des Pêches Maritimes.</em> 17(2):57-58. (iii-1951).	
156887	Animalia	Mollusca	Bivalvia	Veneroida	Dreissenidae	Mytilopsis	Mytilopsis leucophaeata	Belgian Exclusive Economic Zone	642490	non-indigenous			Alien		132969	VLIZ Alien Species Consortium	
156887	Animalia	Mollusca	Bivalvia	Veneroida	Dreissenidae	Mytilopsis	Mytilopsis leucophaeata	Belgian part of the North Sea	856931	estuaries and river basins	1835	Established	Alien	Not specified	195447	Nyst, P-H. (1835). Mollusques. <em>Bull. Acad. r. sci. b.-lett. Brux.</em> 2: 235-236, 1 plate.	
156887	Animalia	Mollusca	Bivalvia	Veneroida	Dreissenidae	Mytilopsis	Mytilopsis leucophaeata	Belgian part of the North Sea	819133	Location : Scheldt Estuary at Antwerp<br/>Year first introduced or recorded : Region of first record: Scheldt Estuary at Antwerp	1835	Established	Alien	Uncertain	177036	DAISIE - European Invasive Alien Species Gateway	
156887	Animalia	Mollusca	Bivalvia	Veneroida	Dreissenidae	Mytilopsis	Mytilopsis leucophaeata	Belgian part of the North Sea	814929		1835	Reported	Alien	Uncertain	40767	Nyst, P. H. J. (1835). Recherches sur les coquilles fossiles de la province d'Anvers. Perichon, Bruxelles. 36 pp.	
117348	Animalia	Cnidaria	Hydrozoa	Anthoathecata	Bougainvilliidae	Nemopsis	Nemopsis bachei	Belgian Exclusive Economic Zone	642480	non-indigenous			Alien		132969	VLIZ Alien Species Consortium	
117348	Animalia	Cnidaria	Hydrozoa	Anthoathecata	Bougainvilliidae	Nemopsis	Nemopsis bachei	Belgian part of the North Sea	856895		1996	Established	Alien	Not specified	38053	Dumoulin, E., 1997. [The invasion-like occurrence in the southern North Sea of the hydromedusae Nemopsis bachei L. Agassiz, 1849 and Eucheilota maculata Hartlaub, 1894 in August-September 1996 (with supplementary data for 1997) (Hydrozoa: Athecata, Thecata).]	
126916	Animalia	Chordata	Actinopteri	Perciformes	Gobiidae	Neogobius	Neogobius melanostomus	Belgian part of the North Sea	856919	Brackish, estuaries	2010	Established	Alien	Not specified	194948	Verreycken, H.; Breine, J. J.; Snoeks, J.; Belpaire, C. (2011). First record of the round goby, <I>Neogobius melanostomus</I> (Actinopterygii: Perciformes: Gobiidae) in Belgium. <em>Acta Ichthyologica Et Piscatoria.</em> 41(2): 137-140.	
233888	Plantae	Rhodophyta	Florideophyceae	Ceramiales	Rhodomelaceae	Neosiphonia	Neosiphonia harveyi	Belgian part of the North Sea	856896		2000	Established	Alien	Not specified	71170	Kerckhof, F., Haelters, J.; Gollasch, S. (2007). Alien species in the marine and brackish ecosystem: the situation in Belgian waters. <em>Aquatic Invasions.</em> 2(3): 243-257.	
149095	Chromista	Ochrophyta	Bacillariophyceae	Triceratiales	Triceratiaceae	Odontella	Odontella sinensis	Belgian Exclusive Economic Zone	642466	non-indigenous			Alien		132969	VLIZ Alien Species Consortium	
149095	Chromista	Ochrophyta	Bacillariophyceae	Triceratiales	Triceratiaceae	Odontella	Odontella sinensis	Belgian part of the North Sea	856897		1904	Established	Alien	Not specified	191160	Ostenfeld, C.H., 1908. On the immigration of Biddulphia sinensis Grev. and its occurrence in the North Sea during 1903–1907 and on its use for the study of the direction and rate of ?ow of the currents. Meddelelser fra Kommissionen for Havundersgelser, Serie Plankton, 1(6): 1-44.	
127185	Animalia	Chordata	Actinopteri	Salmoniformes	Salmonidae	Oncorhynchus	Oncorhynchus mykiss	Belgian part of the North Sea	815044		1884	Established	Alien	Uncertain	177036	DAISIE - European Invasive Alien Species Gateway	
103200	Animalia	Arthropoda	Malacostraca	Amphipoda	Talitridae	Orchestia	Orchestia cavimana	Belgian part of the North Sea	856922	estuaries and river basins	1927	Established	Alien	Not specified	192709	Wouters, Karel (2002) On the distribution of alien non-marine and estuarine macro-crustaceans in Belgium., Bulletin Van Het Koninklijk Instituut Voor Natuurwetenschappen, Biologie. 17: 119-129	
103200	Animalia	Arthropoda	Malacostraca	Amphipoda	Talitridae	Orchestia	Orchestia cavimana	Belgium	639817	non-indigenous			Alien		132969	VLIZ Alien Species Consortium	
234098	Animalia	Arthropoda	Malacostraca	Decapoda	Cambaridae	Orconectes	Orconectes limosus	Belgian part of the North Sea	815070		1962	Established	Alien	Uncertain	177036	DAISIE - European Invasive Alien Species Gateway	
181372	Animalia	Arthropoda	Malacostraca	Decapoda	Palaemonidae	Palaemon	Palaemon macrodactylus	Belgian Exclusive Economic Zone	642528	non-indigenous			Alien		132969	VLIZ Alien Species Consortium	
181372	Animalia	Arthropoda	Malacostraca	Decapoda	Palaemonidae	Palaemon	Palaemon macrodactylus	Belgian part of the North Sea	856898	Belgian coast	1998	Established	Alien	Not specified	194947	De Blauwe, H. (2006). De rugstreepsteurgarnaal Palaemon macrodactylus in België. <em>De Strandvlo.</em> 26(1): 22-23.	
181372	Animalia	Arthropoda	Malacostraca	Decapoda	Palaemonidae	Palaemon	Palaemon macrodactylus	Belgian part of the North Sea	825475	Location : Zeebruge	2006	Reported	Alien	Uncertain	71170	Kerckhof, F., Haelters, J.; Gollasch, S. (2007). Alien species in the marine and brackish ecosystem: the situation in Belgian waters. <em>Aquatic Invasions.</em> 2(3): 243-257.	
181372	Animalia	Arthropoda	Malacostraca	Decapoda	Palaemonidae	Palaemon	Palaemon macrodactylus	Belgian part of the North Sea	816118		2006	Reported	Alien	Uncertain	177060	Fofonoff, P.W.; Ruiz, G.M.; Steves, B.; Carlton, J.T. (2014). National Exotic Marine and Estuarine Species Information System (NEMESIS)	
140730	Animalia	Mollusca	Bivalvia	Veneroida	Veneridae	Petricola	Petricola pholadiformis	Belgian Exclusive Economic Zone	642491	non-indigenous			Alien		132969	VLIZ Alien Species Consortium	
140730	Animalia	Mollusca	Bivalvia	Veneroida	Veneridae	Petricola	Petricola pholadiformis	Belgian part of the North Sea	819178	Year first introduced or recorded : 1900-1909		Established	Alien	Uncertain	177036	DAISIE - European Invasive Alien Species Gateway	
156961	Animalia	Mollusca	Bivalvia	Veneroida	Veneridae	Petricolaria	Petricolaria pholadiformis	Belgian part of the North Sea	856899		1899	Established	Alien	Not specified	194878	Loppens, K. (1902). Petricola pholadiformis L. <em>Bull. Séances Soc. (R.) Malacol. Belg.</em> XXXVII: XLI-XLII.	
144642	Plantae	Rhodophyta	Florideophyceae	Ceramiales	Rhodomelaceae	Polysiphonia	Polysiphonia harveyi	Belgian Coast	642467	non-indigenous			Alien		132969	VLIZ Alien Species Consortium	
144665	Plantae	Rhodophyta	Florideophyceae	Ceramiales	Rhodomelaceae	Polysiphonia	Polysiphonia senticulosa	Belgian Coast	642469	non-indigenous			Alien		132969	VLIZ Alien Species Consortium	
144665	Plantae	Rhodophyta	Florideophyceae	Ceramiales	Rhodomelaceae	Polysiphonia	Polysiphonia senticulosa	Belgian part of the North Sea	856900		2001	Established	Alien	Not specified	194860	Kerckhof, F.; Stegenga, H. (2003). Nieuwe Polysiphonia-soorten voor België en Noord-Frankrijk, met een gereviseerde determineertabel voor de soorten van het geslacht Polysiphonia in deze regio. <em>Dumortiera.</em> 80: 40-45.	
147123	Animalia	Mollusca	Gastropoda	Littorinimorpha	Tateidae	Potamopyrgus	Potamopyrgus antipodarum	Belgian Coast	642492	non-indigenous			Alien		132969	VLIZ Alien Species Consortium	
147123	Animalia	Mollusca	Gastropoda	Littorinimorpha	Tateidae	Potamopyrgus	Potamopyrgus antipodarum	Belgian part of the North Sea	856930	estuaries and river basins	1927	Established	Alien	Not specified	195445	Dupuis, M.P. (1927). Faune malacologique de la Belgique: notes concernant la découverte par le Dr. Giltay de deux espèces de mollusques nouveaux pour la faune belge. <em>Ann. Soc. R. Zool. Bel.</em> 58: 31-38.	
147123	Animalia	Mollusca	Gastropoda	Littorinimorpha	Tateidae	Potamopyrgus	Potamopyrgus antipodarum	Belgian part of the North Sea	815375			Established	Alien	Uncertain	177036	DAISIE - European Invasive Alien Species Gateway	
233891	Animalia	Arthropoda	Malacostraca	Isopoda	Asellidae	Proasellus	Proasellus coxalis	Belgian part of the North Sea	856929	estuaries and river basins	1998	Established	Alien	Not specified	195440	Messiaen, M.; Lock, K.; Gabriels, W.; Vercauteren, Th.; Wouters, K.; Boets, P.; Goethals, P.L.M. (2010). Alien macrocrustaceans in freshwater ecosystems in the eastern part of Flanders (Belgium). <em>Belg. J. Zool.</em> 140(1): 30-39.	
465540	Animalia	Arthropoda	Malacostraca	Decapoda	Cambaridae	Procambarus	Procambarus clarkii	Belgian part of the North Sea	817792			Reported	Alien	Uncertain	177060	Fofonoff, P.W.; Ruiz, G.M.; Steves, B.; Carlton, J.T. (2014). National Exotic Marine and Estuarine Species Information System (NEMESIS)	
465540	Animalia	Arthropoda	Malacostraca	Decapoda	Cambaridae	Procambarus	Procambarus clarkii	Belgian part of the North Sea	815395		1980	Established	Alien	Uncertain	177036	DAISIE - European Invasive Alien Species Gateway	
503319	Animalia	Arthropoda	Insecta	Hemiptera	Delphacidae	Prokelisia	Prokelisia marginata	Belgian part of the North Sea	856901	Brackish, Belgian coast	2011	Established	Alien	Not specified	156246	De Blauwe, H. (2011). De slijkgrascicade Prokelisia marginata (Hemiptera: Delphacidae), een exoot gebonden aan Engels slijkgras Spartina townsendii, verovert nu ook de Belgische kust De Strandvlo 31(3-4): 80-88	
360352	Animalia	Arthropoda		Calanoida	Pseudodiaptomidae	Pseudodiaptomus	Pseudodiaptomus marinus	Belgian Exclusive Economic Zone	789172				Alien		168214	Van Ginderdeuren, Karl	
360352	Animalia	Arthropoda		Calanoida	Pseudodiaptomidae	Pseudodiaptomus	Pseudodiaptomus marinus	Belgian part of the North Sea	856902		2010	Established	Alien	Not specified			
141602	Animalia	Mollusca	Bivalvia	Myoida	Teredinidae	Psiloteredo	Psiloteredo megotara	Belgian Exclusive Economic Zone	642493	non-indigenous			Alien		132969	VLIZ Alien Species Consortium	
141602	Animalia	Mollusca	Bivalvia	Myoida	Teredinidae	Psiloteredo	Psiloteredo megotara	Belgian part of the North Sea	856903			Uncertain	Origin unknown	Not specified	194879	Redeke, H.C. (1912). Rapport over onderzoekingen betreffende het voorkomen van den scheepsworm (Teredo megotara Hanl.) in Nederlandsche zeevisschersvaartuigen. Landsdrukkerij: 's-Gravenhage. 47 pp. 	
141602	Animalia	Mollusca	Bivalvia	Myoida	Teredinidae	Psiloteredo	Psiloteredo megotara	Belgian part of the North Sea	818695			Reported	Origin unknown	Uncertain	2	Backeljau, T. (1986). Lijst van de recente mariene mollusken van België [List of the recent marine molluscs of Belgium]. Koninklijk Belgisch Instituut voor Natuurwetenschappen: Brussels, Belgium. 106 pp.	
156991	Animalia	Mollusca	Bivalvia	Veneroida	Mactridae	Rangia	Rangia cuneata	Belgian Exclusive Economic Zone	642494	non-indigenous			Alien		132969	VLIZ Alien Species Consortium	
156991	Animalia	Mollusca	Bivalvia	Veneroida	Mactridae	Rangia	Rangia cuneata	Belgian part of the North Sea	856920	brackish, estuaries	2005	Established	Alien	Not specified	42246	Verween, A.; Kerckhof, F.; Vincx, M.; Degraer, S. (2006). First European record of the invasive brackish water clam Rangia cuneata (G.B Sowerby I, 1831) (Mollusca: Bivalvia). <em>Aquatic Invasions.</em> 1(4): 198-203.	
156991	Animalia	Mollusca	Bivalvia	Veneroida	Mactridae	Rangia	Rangia cuneata	Belgian part of the North Sea	818697		2000	Reported	Alien	Uncertain	42246	Verween, A.; Kerckhof, F.; Vincx, M.; Degraer, S. (2006). First European record of the invasive brackish water clam Rangia cuneata (G.B Sowerby I, 1831) (Mollusca: Bivalvia). <em>Aquatic Invasions.</em> 1(4): 198-203.	
140416	Animalia	Mollusca	Gastropoda	Neogastropoda	Muricidae	Rapana	Rapana venosa	Belgian Exclusive Economic Zone	561161	Caught with a trawler fishing on flatfish off Scheveningen (in the Dutch waters). Latitude 52°10' N, longitude 3°55' E.	2005		Alien		9193	Kerckhof, F.; Vink, R.J.; Nieweg, D.C.; Post, J.J.N. (2006).  [The veined whelk <i>Rapana venosa</i> has reached the North Sea]. <i>Aquatic Invasions 1(1)</i>: 35-37	
140416	Animalia	Mollusca	Gastropoda	Neogastropoda	Muricidae	Rapana	Rapana venosa	Belgian part of the North Sea	815478			Established	Alien	Uncertain	177036	DAISIE - European Invasive Alien Species Gateway	
107414	Animalia	Arthropoda	Malacostraca	Decapoda	Panopeidae	Rhithropanopeus	Rhithropanopeus harrisii	Belgian Coast	642529	non-indigenous			Alien		132969	VLIZ Alien Species Consortium	
107414	Animalia	Arthropoda	Malacostraca	Decapoda	Panopeidae	Rhithropanopeus	Rhithropanopeus harrisii	Belgian part of the North Sea	856918	Schelde, Zeeschelde	1991	Established	Alien	Not specified	195438	Van Damme, P.; Mees, J.; Maebe, S. (1992). Voorkomen van het Zuiderzeekrabbetje Rhithropanopeus harrisii (Gould, 1841) in de Westerschelde. <em>De Strandvlo.</em> 12(1): 19-21.	
107414	Animalia	Arthropoda	Malacostraca	Decapoda	Panopeidae	Rhithropanopeus	Rhithropanopeus harrisii	Belgian part of the North Sea	819254	Location : Zeeschelde and adjacent waters; Schelde near Antwerp<br/>Year first introduced or recorded : 1985 - Schelde near Antwerp	1985	Established	Alien	Uncertain	177036	DAISIE - European Invasive Alien Species Gateway	
107414	Animalia	Arthropoda	Malacostraca	Decapoda	Panopeidae	Rhithropanopeus	Rhithropanopeus harrisii	Belgian part of the North Sea	825726	Location : Doel, on the River Scheldt	1985	Reported	Alien	Uncertain	192709	Wouters, Karel (2002) On the distribution of alien non-marine and estuarine macro-crustaceans in Belgium., Bulletin Van Het Koninklijk Instituut Voor Natuurwetenschappen, Biologie. 17: 119-129	
154241	Animalia	Chordata	Actinopteri	Salmoniformes	Salmonidae	Salvelinus	Salvelinus fontinalis	Belgian part of the North Sea	817432		1884	Established	Alien	Uncertain	177036	DAISIE - European Invasive Alien Species Gateway	
145559	Chromista	Ochrophyta	Phaeophyceae	Fucales	Sargassaceae	Sargassum	Sargassum (Bactrophycus) muticum	Belgian Exclusive Economic Zone	642470	non-indigenous			Alien		132969	VLIZ Alien Species Consortium	
145559	Chromista	Ochrophyta	Phaeophyceae	Fucales	Sargassaceae	Sargassum	Sargassum (Bactrophycus) muticum	Belgian Exclusive Economic Zone	567045				Alien		192095	Eno, N.C.; Clark, R.A.; Sanderson, W.G. (1997). Non-native marine species in British waters: a review and directory. Joint Nature Conservation Committee, Peterborough. pp. 136.	
494791	Chromista	Ochrophyta	Phaeophyceae	Fucales	Sargassaceae	Sargassum	Sargassum muticum	Belgian part of the North Sea	819274	Location : Spuikom (Sluice dock of Oostende); Zeebrugge<br/>Year first introduced or recorded : Region of first record: Spuikom (Sluice Dock) no records between 2002 and 2005 again in 2005), Zeebrugge	1999	Established	Alien	Uncertain	177036	DAISIE - European Invasive Alien Species Gateway	
494791	Chromista	Ochrophyta	Phaeophyceae	Fucales	Sargassaceae	Sargassum	Sargassum muticum	Belgian part of the North Sea	856904		1999	Established	Alien	Not specified	194861	De Blauwe, H. (2000). Japans bessenwier Sargassum muticum gevestigd te Zeebrugge. <em>De Strandvlo.</em> 20(1): 33-35.	
247737	Animalia	Arthropoda	Malacostraca	Tanaidacea	Tanaididae	Sinelobus	Sinelobus stanfordi	Belgian Exclusive Economic Zone	746665	non-indigenous			Alien		132969	VLIZ Alien Species Consortium	
247737	Animalia	Arthropoda	Malacostraca	Tanaidacea	Tanaididae	Sinelobus	Sinelobus stanfordi	Belgian part of the North Sea	856913	estuaries, Schelde	2007	Uncertain	Origin unknown	Not specified	150270	Van Haaren, T. & J. Soors (2009). Sinelobus stanfordi (Richardson, 1901): A new crustacean invader in Europe. Aquatic Invasions 4(4): 703-711.	
234039	Plantae	Tracheophyta		Poales	Poaceae	Spartina	Spartina townsendii	Belgian part of the North Sea	817546			Established	Alien	Uncertain	177036	DAISIE - European Invasive Alien Species Gateway	
234041	Plantae	Tracheophyta		Poales	Poaceae	Spartina	Spartina townsendii var. anglica	Belgian Coast	642473	non-indigenous			Alien		132969	VLIZ Alien Species Consortium	
234041	Plantae	Tracheophyta		Poales	Poaceae	Spartina	Spartina townsendii var. anglica	Belgian part of the North Sea	856905		1936	Established	Alien	Not specified	195434	Verloove, F. (2006). Catalogue of neophytes in Belgium (1800-2005). <em>Scripta Botanica Belgica.</em> 39. National Botanic Garden of Belgium: Meise. ISBN 90-72619-71-4. 89 pp.	
103929	Animalia	Chordata	Ascidiacea	Stolidobranchia	Styelidae	Styela	Styela clava	Belgian Coast	642543	non-indigenous			Alien		132969	VLIZ Alien Species Consortium	
103929	Animalia	Chordata	Ascidiacea	Stolidobranchia	Styelidae	Styela	Styela clava	Belgian part of the North Sea	856906		1986	Established	Alien	Not specified	194882	Dumoulin, E. (1987). Nieuwe waarnemingen van de Knotszakpijp, Styela clava Herdman, 1882, langs de Belgische Oostkust. <em>De Strandvlo.</em> 7(2): 61-62.	
103929	Animalia	Chordata	Ascidiacea	Stolidobranchia	Styelidae	Styela	Styela clava	Belgian part of the North Sea	817594			Established	Alien	Uncertain	177036	DAISIE - European Invasive Alien Species Gateway	
257397	Animalia	Arthropoda	Malacostraca	Isopoda	Idoteidae	Synidotea	Synidotea laticauda	Belgian part of the North Sea	856915	estuaries, Zeeschelde	2005	Established	Alien	Not specified	145451	Soors, J.; Faasse, M.; Stevens, M.; Verbessem, I.; De Regge, N.; Van den Bergh, E. (2010). New crustacean invaders in the Schelde estuary (Belgium) Belg. J. Zool. 140(1): 3-10	
118154	Animalia	Arthropoda	Insecta	Diptera	Chironomidae	Telmatogeton	Telmatogeton japonicus	Belgian Exclusive Economic Zone	639818	non-indigenous			Alien		132969	VLIZ Alien Species Consortium	
118154	Animalia	Arthropoda	Insecta	Diptera	Chironomidae	Telmatogeton	Telmatogeton japonicus	Belgian part of the North Sea	856907		2004	Established	Alien	Not specified	194871	Kerckhof, F. (2005). National Report Belgium 2004, in: ICES (Ed.) (2005). Report of the Working Group on Introductions and Transfers of Marine Organisms (WGITMO): By Correspondence. CM Documents - ICES, CM 2005(ACME:05): pp. 23-25 	
141607	Animalia	Mollusca	Bivalvia	Myoida	Teredinidae	Teredo	Teredo navalis	Belgian Exclusive Economic Zone	642495	non-indigenous			Alien		132969	VLIZ Alien Species Consortium	
141607	Animalia	Mollusca	Bivalvia	Myoida	Teredinidae	Teredo	Teredo navalis	Belgian part of the North Sea	856908	 first observation between 1730-1732		Uncertain	Origin unknown	Not specified	194881	Sellius, G. (1733). Historia naturalis teredinis seu Xylophagi marini, tubulo-conchoidis speciatim belgici: cum tabulis ad vivum coloratis. Apud Hermannum Besseling: Trajecti ad Rhenum (Utrecht). (30), 353, (11), 4 pl. pp. 	
148936	Chromista	Ochrophyta	Bacillariophyceae	Thalassiosirales	Thalassiosiraceae	Thalassiosira	Thalassiosira punctigera	Belgian Exclusive Economic Zone	642471	non-indigenous			Alien		132969	VLIZ Alien Species Consortium	
111254	Animalia	Bryozoa	Gymnolaemata	Cheilostomatida	Candidae	Tricellaria	Tricellaria inopinata	Belgian Coast	625735	Heel algemeen in jachthavens. Geïntroduceerde soort. Op pontons, scheepshuiden, <i>Sargassum</i>, <i>Codium</i>, touw, mosselschelpen,... <i>Tricellaria inopinata</i> koloniseert in ijltempo de jachthavens van Europa.			Alien		130048	De_blauwe, H. (2009). Mosdiertjes van de Zuidelijke Bocht van de Noordzee: Determinatiewerk voor België en Nederland. <em>Vlaams Instituut voor de Zee, Oostende.</em> 464.	
111254	Animalia	Bryozoa	Gymnolaemata	Cheilostomatida	Candidae	Tricellaria	Tricellaria inopinata	Belgian Exclusive Economic Zone	642532	non-indigenous			Alien		132969	VLIZ Alien Species Consortium	
111254	Animalia	Bryozoa	Gymnolaemata	Cheilostomatida	Candidae	Tricellaria	Tricellaria inopinata	Belgian part of the North Sea	856909		2000	Established	Alien	Not specified	194873	De Blauwe, H. (2002). Determinatie en verspreiding van Tricellaria inopinata d'Hondt & Occhipinti Ambrogi (Bryozoa, Cheilostomatida), een recente immigrant uit het noorden van de Stille Oceaan. <em>Het Zeepaard.</em> 62(3): 73-88.	
111254	Animalia	Bryozoa	Gymnolaemata	Cheilostomatida	Candidae	Tricellaria	Tricellaria inopinata	Belgian part of the North Sea	816244		2000	Established	Alien	Uncertain	177060	Fofonoff, P.W.; Ruiz, G.M.; Steves, B.; Carlton, J.T. (2014). National Exotic Marine and Estuarine Species Information System (NEMESIS)	
111256	Animalia	Bryozoa	Gymnolaemata	Cheilostomatida	Candidae	Tricellaria	Tricellaria ternata	Belgian Coast	625739	Noordelijke soort. Zeldzaam op schelpen, wieren en vooral op hydroïden.	1906		Alien		130048	De_blauwe, H. (2009). Mosdiertjes van de Zuidelijke Bocht van de Noordzee: Determinatiewerk voor België en Nederland. <em>Vlaams Instituut voor de Zee, Oostende.</em> 464.	
137577	Animalia	Annelida	Clitellata	Haplotaxida	Tubificidae	Tubificoides	Tubificoides heterochaetus	Belgian Exclusive Economic Zone	639816	non-indigenous			Alien		132969	VLIZ Alien Species Consortium	
137577	Animalia	Annelida	Clitellata	Haplotaxida	Tubificidae	Tubificoides	Tubificoides heterochaetus	Belgian part of the North Sea	856914	estuaries, Schelde	1952	Established	Alien	Not specified	195436	Seys, J.; Vincx, M.; Meire, P. (1999). Spatial distribution of oligochaetes (Clitellata) in the tidal freshwater and brackish parts of the Schelde estuary (Belgium). <em>Hydrobiologia.</em> 406: 119-132.	
145721	Chromista	Ochrophyta	Phaeophyceae	Laminariales	Alariaceae	Undaria	Undaria pinnatifida	Belgian Exclusive Economic Zone	642472	non-indigenous			Alien		132969	VLIZ Alien Species Consortium	
145721	Chromista	Ochrophyta	Phaeophyceae	Laminariales	Alariaceae	Undaria	Undaria pinnatifida	Belgian part of the North Sea	819338	Location : Marine of Zeebrugge<br/>Year first introduced or recorded : Region of first record: marina of Zeebrugge (51.34Â°N, 3.18Â°E)	1999	Established	Alien	Uncertain	177036	DAISIE - European Invasive Alien Species Gateway	
145721	Chromista	Ochrophyta	Phaeophyceae	Laminariales	Alariaceae	Undaria	Undaria pinnatifida	Belgian part of the North Sea	856910		1999	Established	Alien	Not specified	194862	Dumoulin, E.; De Blauwe, H. (1999). Het bruinwier Undaria pinnatifida (Harvey) Suringar aangetroffen in de jachthaven van Zeebrugge: met gegevens over het voorkomen in Europa en de wijze van verspreiding (Phaeophyta: Laminariales). <em>De Strandvlo.</em> 19(4): 182-188.	
111673	Animalia	Bryozoa	Gymnolaemata	Ctenostomatida	Victorellidae	Victorella	Victorella pavida	Belgian part of the North Sea	825925	Location : Oostende		Reported	Alien	Uncertain	191984	Carrada, C. C.; Sacchi, C. F. (1964). Recherches ecologiques sur le bryozoaire ctenostome Victorella pavida (Kent). <em>Vie et Milieu.</em> 15: 389-427.	
