taxonID	datasetName	scientificName	synonym	kingdom	phylum	class	order	family	genus	specificEpithet	subspecies	taxonGroup	vernacularNameEN	vernacularNameNL	vernacularNameFR	status	statusCertainty	BFIS	ISEIA	spatialDistribution	invasiveness	introductionPathway	introductionMode	habitat	origin	presenceBE	presenceFL	presenceWA	presenceBR	presenceBECoast	presenceBPNS	presenceBEEZ	firstObservationYearBE	firstObservationYaerFL	latestObservationYearBE	source	sourceID	riskAnalysis	publicationStatus	notes
148	harmonia	Acer negundo	Negundo fraxinifolium					Aceraceae					Box-elder, Ash-leaved maple	Vederesdoorn	Erable negundo	spread		b2	9	restricted		agri- and horticulture		terrestrial	North America	yes	yes	yes					1955					no	pending	
103	harmonia	Acer negundo	Negundo fraxinifolium					Aceraceae					Box-elder, Ash-leaved maple	Vederesdoorn	Erable negundo	spread		b2	9	restricted		agri- and horticulture		terrestrial	North America	yes	yes	yes					1955					no	published	
119	harmonia	Acer rufinerve	A. pensylvanicum ssp rufinerve					Aceraceae					Red veined maple	Grijze streepjesbastesdoorn	Erable à feuilles de vigne	naturalization		b1	10	isolated		agri- and horticulture		terrestrial	Asia	yes		yes					1990					no	published	
32	harmonia	Ailanthus altissima	Ailanthus glandulosa					Simaroubaceae					Tree of heaven	Hemelboom	Faux-vernis du japon	spread		a2	12	restricted		agri- and horticulture		terrestrial	Asia	yes	yes	yes					1952					no	published	
18	harmonia	Aix galericulata						Anatidae					Mandarin duck	Mandarijneend	Canard mandarin	spread		c	8	widespread		pets and domestic animals		freshwater	Asia	yes	yes	yes					1953					no	published	
33	harmonia	Aix sponsa						Anatidae					Wood duck	Carolina-eend	Canard carolin	naturalization		c	1	isolated				freshwater	North America	yes	yes	no					1957					no	pending	
121	harmonia	Akebia quinata						Lardizabalaceae					Five-leaf	Klimbes, Schijnaugurk	Akébie à cinq feuilles			b0	10			agri- and horticulture		terrestrial	Asia	no												no	published	
19	harmonia	Alopochen aegyptiacus						Anatidae					Egyptian goose	Nijlgans	Ouette d'egypte	spread		a3	12	widespread		pets and domestic animals		freshwater	Africa	yes	yes	yes					1984					no	published	
34	harmonia	Ambrosia artemisiifolia	Ambrosia elatior					Asteraceae					Ragweed	Alsemambrosia	Ambroisie annuelle			c	8			accidental		terrestrial	North America	no												no	published	
1	harmonia	Ameiurus nebulosus	Ictalurus nebulosus					Ictaluridae					Brown bullhead	Bruine amerikaanse dwergmeerval	Poisson-chat américain	regression		b2	10	restricted		aqua- and mariculture		freshwater	North America	yes	yes	yes					1871					no	published	
35	harmonia	Amelanchier lamarckii	Amelanchier canadensis					Malaceae					Juneberry	Amerikaans krentenboompje	Amélanchier d'amérique	spread		b2	9	restricted		agri- and horticulture		terrestrial	North America	yes	yes	yes					1876					no	published	
20	harmonia	Anser indicus						Anatidae					Bar-headed goose	Indische gans	Oie à tête barrée	naturalization		b1	9	isolated		pets and domestic animals		freshwater	Asia	yes	yes	no					1966					no	published	
36	harmonia	Aspius aspius						Cyprinidae					Asp	Roofblei	Aspe	spread		b1	1	isolated		accidental		freshwater	Europe	yes	yes	yes					1990					no	pending	
38	harmonia	Aster americ.	A. lanceolatus, A. novi-belgii & A. salignus					Asteraceae					North American asters	Amerikaanse asters	Asters nord-américains	spread		a3	12	widespread		agri- and horticulture		terrestrial	North America	yes	yes	yes					1830					no	draft	
105	harmonia	Aster divaricatus	Eurybia divaricata										White wood aster					c	3	isolated		agri- and horticulture		terrestrial	North America	yes		yes					1946					no	pending	
104	harmonia	Aster laevis						Asteraceae					Smooth aster	Gladde aster	Aster lisse			c	3	isolated		agri- and horticulture		terrestrial	North America	yes	yes	yes					1939					no	pending	
137	harmonia	Aster lanceolatus						Asteraceae					Narrow-leaved michaelmas daisy	Smalle aster	Aster lancéolé	spread		a2	11	restricted		agri- and horticulture		terrestrial	North America	yes	yes	yes					1835					no	published	
143	harmonia	Aster novi-belgii						Asteraceae					Confused michaelmas daisy	Nieuw-nederlandse asters	Aster de viriginie	spread		b2	9	restricted		agri- and horticulture		terrestrial	North America	yes	yes	yes					1865					no	pending	
135	harmonia	Aster novi-belgii						Asteraceae					Confused michaelmas daisy	Nieuw-nederlandse asters	Aster de viriginie	spread		b3	9	widespread		agri- and horticulture		terrestrial	North America	yes	yes	yes					1865					no	published	
138	harmonia	Aster x salignus	A. lanceolatus x novi-belgii					Asteraceae					Common michaelmas daisy	Wilgaster	Aster à feuilles de saule	spread		a2	11	restricted		agri- and horticulture		terrestrial	North America	yes	yes	yes					1861					no	published	
40	harmonia	Azolla filiculoides	Azolla caroliniana					Azollaceae					Water fern	Grote kroosvaren	Azolla	spread		b2	9	restricted		aquariums and ponds		freshwater	North America, South America	yes	yes	yes					1912					no	published	
41	harmonia	Baccharis halimifolia						Asteraceae					Eastern baccharis	Struikaster	Séneçon en arbre	spread		a1	12	isolated		agri- and horticulture		terrestrial	North America	yes	yes	no					1924					no	published	
42	harmonia	Bidens frondosa						Asteraceae					Large-leaved beggarticks	Zwart tandzaad	Bident à fruits noirs	stabilization		b3	9	widespread		accidental		terrestrial	North America	yes	yes	yes					1886					no	published	
147	harmonia	Branta canadensis						Anatidae					Canada goose	Canadese gans	Bernache du canada	spread		a3	12	widespread		pets and domestic animals		freshwater	North America	yes	yes	yes					1973					no	published	
21	harmonia	Branta canadensis						Anatidae					Canada goose	Canadese gans	Bernache du canada	spread		a3	12	widespread		pets and domestic animals		freshwater	North America	yes	yes	yes					1973					no	draft	
43	harmonia	Branta leucopsis						Anatidae					Barnacle goose	Brandgans	Bernache nonnette	spread		c	0	restricted				freshwater	Europe	yes	yes	no					1980					no	pending	
44	harmonia	Buddleja davidii						Buddlejaceae					Butterfly bush	Vlinderstruik	Arbre aux papillons	spread		b3	10	widespread		agri- and horticulture		terrestrial	Asia	yes	yes	yes					1942					no	published	
120	harmonia	Cabomba caroliniana	Cabomba australis					Cabombaceae					Carolina fanwort	Waterwaaier	Cabomba			b0	10			aquariums and ponds		freshwater	South America	no												no	published	
126	harmonia	Callosciurus erythraeus						Sciuridae					Pallas's squirrel, Red-bellied tree squirrel	Pallas eekhoorn	Ecureuil à ventre rouge	naturalization		a1	11	isolated		pets and domestic animals		terrestrial	Asia	yes	yes	no					2005					yes	published	
127	harmonia	Callosciurus finlaysonii						Sciuridae					Finlayson's squirrel	Thaise eekhoorn	Ecureuil de finlayson			a0	11			pets and domestic animals		terrestrial	Asia	no												no	published	
45	harmonia	Campylopus introflexus											Campylopus moss					a3	1	widespread		accidental		terrestrial		yes	yes	yes					1966					no	pending	
2	harmonia	Carassius gibelio						Cyprinidae					Prussian carp	Giebel	Gibèle	spread		a3	12	widespread		aquariums and ponds		freshwater	Asia, Europe	yes	yes	yes					1750					no	published	
118	harmonia	Carpobrotus spp.	Carpobrotus edulis, C. acinaciformis					Aizoaceae					Hottentot fig	Hottentotvijg	Griffes de sorcières			a0	12			agri- and horticulture		terrestrial	Africa	no												yes	published	
123	harmonia	Castor canadensis						Castoridae					Canadian beaver	Canadese bever	Castor canadien	naturalization		b1	10	isolated		fur farming		freshwater	North America	yes	no	yes					2009					no	published	
124	harmonia	Cervus nippon						Cervidae					Sika deer	Sikahert	Cerf sika			a0	12			game/fish stocking		terrestrial	Asia	no												yes	published	
46	harmonia	Chloephaga picta						Anatidae					Magellan goose	Magelhaengans	Ouette de magellan	naturalization		c	1	isolated				freshwater	South America	yes	yes	no					1993					no	pending	
47	harmonia	Conyza canadensis						Asteraceae					Canadian horseweed	Canadese fijnstraal	Vergerette du canada	stabilization		b3	1	widespread				terrestrial	North America	yes	yes	yes					1822					no	pending	
48	harmonia	Coregonus spp.						Salmonidae					Whitefish		Corégone			c	1	isolated				freshwater	Europe	no	no	no					1979					no	pending	
106	harmonia	Cornus sericea	Swida sericea, C. alba, C. stolonifera					Cornaceae					Red-osier dogwood, red willow	Canadese kornoeilje	Cornouiller soyeux	spread		a2	11	restricted		agri- and horticulture		terrestrial	North America	yes	yes	yes					1885					no	published	
49	harmonia	Cotoneaster horizontalis						Malaceae					Rockspray	Vlakke dwergmispel	Cotonéaster horizontal	spread		a2	11	restricted		agri- and horticulture		terrestrial	Asia	yes	yes	yes					1982					no	published	
50	harmonia	Crassula helmsii	Tillaea recurva, Crassula recurva					Crassulaceae					New zealand pigmyweed	Watercrassula	Crassule des étangs	spread		a1	12	isolated		aquariums and ponds		freshwater	Australia	yes	yes	yes					1982					yes	published	
153	harmonia	Crassula helmsii	Tillaea recurva, Crassula recurva					Crassulaceae					New zealand pigmyweed	Watercrassula	Crassule des étangs	spread		a1	12	isolated		aquariums and ponds		freshwater	Australia	yes	yes	yes					1982					yes	pending	
51	harmonia	Ctenopharyngodon idella						Cyprinidae					Grass carp	Graskarper	Carpe herbivore			c	1	isolated				freshwater	Asia	no	no	no					1978					no	pending	
52	harmonia	Cygnus atratus						Anatidae					Black swan	Zwarte zwaan	Cygne noir	naturalization		b1	10	isolated				freshwater	Australia	yes	yes	yes					1995					no	published	
115	harmonia	Cyperus eragrostis	Cyperus vegetus					Cyperaceae					Tall flatsedge, Pale galingale	Bleek cypergras	Souchet vigoureux	spread		b1	10	isolated		agri- and horticulture		terrestrial	South America	yes	yes						1896					no	published	
25	harmonia	Dama dama						Cervidae					Fallow deer	Damhert	Daim	naturalization		b1	10	isolated		game/fish stocking		terrestrial	Europe	yes	no	yes					1850					no	published	
107	harmonia	Duchesnea indica	Fragaria indica, Potentilla indica					Rosaceae					Indian strawberry	Schijnaardbei	Fraisier des Indes			b2	9	restricted		agri- and horticulture		terrestrial	Asia	yes	yes	yes					1950					no	published	
53	harmonia	Echinocystis lobata	Echinocystis echinata					Cucurbitaceae					Wild cucumber	Egelkomkommer, Stekelaugurk	Concombre sauvage			b0	9			agri- and horticulture		terrestrial	North America	no												no	published	
54	harmonia	Egeria densa	Elodea densa					Hydrocharitaceae					Brazilian waterweed	Egeria	Egéria	spread		a1	12	isolated		aquariums and ponds		freshwater	South America	yes	yes						1999					yes	published	
122	harmonia	Elaeagnus angustifolia	Elaeagnus hortensis					Elaeagnaceae					Russian olive	Smalle olijfwilg	Olivier de bohême	spread		b1	10	isolated		agri- and horticulture		terrestrial	Asia, Europe	yes	yes						1939					no	published	
55	harmonia	Elodea callitrichoides						Hydrocharitaceae					South american waterweed		Elodée à feuilles allongées			a0	1			accidental		freshwater	South America	no	no	no										no	pending	
56	harmonia	Elodea canadensis	Anacharis canadensis					Hydrocharitaceae					Canadian waterweed	Canadese waterpest	Elodée du canada	regression		a3	12	widespread		aquariums and ponds		freshwater	North America	yes	yes	yes					1860					no	published	
57	harmonia	Elodea nuttallii						Hydrocharitaceae					Nuttall's waterweed	Smalle waterpest	Elodée de nuttall	spread		a3	12	widespread		aquariums and ponds		freshwater	North America	yes	yes	yes					1939					no	published	
8	harmonia	Epilobium ciliatum	Epilobium adenocaulon					Onagraceae					Northern willowherb	Beklierde basterdwederik	Epilobe cilié	spread		c	8	widespread		accidental		terrestrial	North America	yes	yes	yes										no	published	
9	harmonia	Fallopia japonica	Polygonum cuspidatum, Reynoutria japonica.					Polygonaceae					Japanese knotweed	Japanse duizendknoop	Renouée du japon	spread		a3	12	widespread		agri- and horticulture		terrestrial	Asia	yes	yes	yes					1888					no	published	
144	harmonia	Fallopia sachalinensis	Reynoutria sachalinensis, Polygonum sachalinense					Polygonaceae					Giant knotweed	Sachalinse duizendknoop	Renouée de sakhaline	spread		a2	12	restricted		agri- and horticulture		terrestrial	Asia	yes	yes	yes					1924					no	published	
58	harmonia	Fallopia sachalinensis						Polygonaceae					Giant knotweed	Sachalinse duizenknoop	Renouée de sakhaline	spread		a1	1	isolated				terrestrial	Asia	yes	yes	yes					1924					no	pending	
145	harmonia	Fallopia x bohemica						Polygonaceae					Hybrid knotweed		Renouée de bohème	spread		a2	12	restricted		agri- and horticulture		terrestrial	Asia	yes	yes	yes					1924					no	published	
134	harmonia	Fraxinus pennsylvanica	Fraxinus pubescens					Oleaceae					Red ash, Green ash		Frêne rouge	spread		b1	9	isolated		agri- and horticulture		terrestrial	North America	yes	yes						2008					no	published	
59	harmonia	Gaillardia x grandiflora						Asteraceae					Blanket flower	Kokardebloem	Gaillarde	spread		c	8	restricted		agri- and horticulture		terrestrial	North America	yes	yes	no					1953					no	published	
102	harmonia	Harmonia axyridis						Coccinellidae					Harlequin ladybird	Veelkleurig aziatisch lieveheersbeestje	Coccinelle asiatique	spread		a3	11	widespread		biological control		terrestrial	Asia	yes	yes	yes					2000					no	published	
60	harmonia	Helianthus tuberosus	H. tuberosus x h. strumosus					Asteraceae					Jerusalem artichoke	Aardpeer	Topinambour	spread		a3	12	widespread		agri- and horticulture		terrestrial	North America	yes	yes	yes					1893					no	published	
10	harmonia	Heracleum mantegazzianum						Apiaceae					Giant hogweed	Reuzenbereklauw	Berce du caucase	spread		a3	11	widespread		agri- and horticulture		terrestrial	Asia	yes	yes	yes					1938					no	published	
61	harmonia	Heracleum sosnowskyi						Apiaceae					Sosnowski's hogweed					a0	1					terrestrial	Asia	no												no	pending	
62	harmonia	Humulus japonicus						Canabaceae					Japanese hop					a0	1					freshwater, terrestrial	Asia	no												no	pending	
132	harmonia	Hyacinthoides hispanica	Hyacinthoides x massartiana					Liliaceae					Spanish bluebell	Spaanse hyacint	Scille d'espagne	spread		b2	9	restricted		agri- and horticulture		terrestrial	Europe	yes	yes	yes					1882					no	published	
63	harmonia	Hydrocotyle ranunculoides						Apiaceae					Water pennywort	Grote waternavel	Hydrocotyle fausse renoncule	spread		a2	12	restricted		aquariums and ponds		freshwater	North America	yes	yes	yes					1992					yes	published	
64	harmonia	Hypophthalmichthys molitrix						Cyprinidae					Silver carp	Zilverkarper	Carpe argentée			c	1	isolated				freshwater	Asia	no	no	no					1975					no	pending	
65	harmonia	Impatiens glandulifera						Balsaminaceae					Indian balsam	Reuzenbalsemien	Balsamine géante	spread		a3	12	widespread		agri- and horticulture		terrestrial	Asia	yes	yes	yes					1939					no	published	
66	harmonia	Impatiens parviflora						Balsaminaceae					Small yellow balsam	Klein springzaad	Balsamine à petites fleurs	spread		b3	10	widespread		accidental		terrestrial	Asia	yes	yes	yes					1868					no	published	
67	harmonia	Juncus tenuis						Juncaceae					Slender rush	Tengere rus	Jonc grêle	stabilization		b3	1	widespread		accidental		terrestrial	North America	yes	yes	yes					1823					no	pending	
68	harmonia	Lagarosiphon major	Elodea crispa					Hydrocharitaceae					Curly waterweed	Verspreidbladige waterpest	Elodée à feuilles alternes	spread		a1	12	isolated		aquariums and ponds		freshwater	Africa	yes	yes	yes					1993					yes	published	
69	harmonia	Lemna minuta	Lemna minuscula					Lemnaceae					Minute duckweed	Dwergkroos	Lentille d'eau minuscule	spread		b3	10	widespread		aquariums and ponds		freshwater	North America	yes	yes	yes					1983					no	published	
70	harmonia	Lemna turionifera						Lemnaceae					Turion duckweed	Olijfgroen kroos	Lentille d'eau rouge	spread		b1	1	isolated		accidental		freshwater	Asia, North America	yes	yes						1992					no	pending	
3	harmonia	Lepomis gibbosus						Centrachidae					Pumpkinseed	Zonnebaars	Perche soleil	stabilization		b2	9	restricted		aquariums and ponds		freshwater	North America	yes	yes	yes					1884					no	published	
71	harmonia	Lindernia dubia						Scrophulariaceae					False pimpernel	Schijngenadekruid	Lindernie fausse-gratiole	naturalization		b1	1	isolated				freshwater, terrestrial	North America	yes	yes	no					1993					no	pending	
72	harmonia	Lonicera japonica						Caprifoliaceae					Japanese honeysuckle	Japanse kamperfoelie	Chèvrefeuille asiatique			b0	10			agri- and horticulture		terrestrial	Asia	no												no	published	
73	harmonia	Lophocolea semiteres											Southern crestwort					b2	1	restricted		accidental		terrestrial		yes												no	pending	
11	harmonia	Ludwigia grandiflora	L. hexapetala, L. uruguayensis					Onagraceae					Water primrose	Waterteunisbloem	Jussie à grandes fleurs	spread		a2	12	restricted		agri- and horticulture		freshwater	South America	yes	yes	yes					1983					yes	published	
12	harmonia	Ludwigia peploides						Onagraceae					Water primrose	Kleine waterteunisbloem	Jussie rampante	spread		a1	12	isolated		agri- and horticulture		freshwater	South America	yes		yes					1995					yes	published	
108	harmonia	Lupinus polyphyllus						Fabaceae					Garden lupin	Vaste lupine	Lupin vivace	spread		b2	10	restricted		agri- and horticulture		terrestrial	North America	yes	yes	yes					1882					no	published	
13	harmonia	Lysichiton americanus						Araceae					American skunk cabbage	Moerasaronskelk, Moeraslantaarn	Faux-arum, Lysichite	naturalization		b1	10	isolated		agri- and horticulture		terrestrial	North America	yes	no	yes					2006					no	published	
74	harmonia	Mahonia aquifolium	Berberis aquifolium					Berberidaceae					Oregon grape	Mahonia	Mahonia faux-houx	spread		a2	12	restricted		agri- and horticulture		terrestrial	North America	yes	yes	yes					1906					no	published	
75	harmonia	Micropterus salmoides						Centrachidae					Largemouth bass	Forelbaars	Black-bass à grande bouche			b1	1	isolated				freshwater	North America	no	no	no					1880					no	pending	
116	harmonia	Mimulus guttatus						Scrophulariaceae					Monkeyflower	Gele maskerbloem	Mimule tacheté	naturalization		b2	10	restricted		agri- and horticulture		freshwater, terrestrial	North America	yes	yes	yes					1953					no	published	
125	harmonia	Muntiacus reevesi						Cervidae					Reeves' muntjac	Chinese muntjak	Muntjac			a0	12			pets and domestic animals		terrestrial	Asia	no												yes	published	
26	harmonia	Mustela vison	Neovison vison					Mustelidae					American mink	Amerikaanse nerts	Vison d'amérique			a0	11			fur farming		freshwater, terrestrial	North America	no												yes	published	
27	harmonia	Myocastor coypus						Echimyidae					Coypu, Nutria	Beverrat	Ragondin	spread		a1	12	isolated		fur farming		freshwater	South America	yes	yes	yes					1975					yes	published	
76	harmonia	Myriophyllum aquaticum	Myriophyllum brasiliense					Haloragaceae					Parrotfeather	Parelvederkruid	Myriophylle du brésil	spread		a2	12	restricted		aquariums and ponds		freshwater	South America	yes	yes	yes					1983					yes	published	
117	harmonia	Myriophyllum heterophyllum						Haloragaceae					Variable watermilfoil	Ongelijkbladig vederkruid	Myriophylle hétérophylle	spread		a1	12	isolated		aquariums and ponds		freshwater	North America	yes	yes	yes					1993					yes	published	
152	harmonia	Neogobius melanostomus	Apollonia melanostomus					Gobiidae					Round goby	Zwartbekgrondel	Gobie à taches noires			a2	12	restricted		accidental		freshwater, brackish	Asia, Europe	yes	yes	yes					2012					yes	published	
78	harmonia	Nyctereutes procyonoides						Canidae					Raccoon dog	Wasbeerhond	Chien viverrin	naturalization		b1	9	isolated				terrestrial	Asia	yes		yes					2010					yes	published	
114	harmonia	Oenothera spp.	O. biennis, O. deflexa, O. glazioviana.					Onagraceae					Evening primrose	Teunisbloem	Onagre	spread		c	7	widespread		agri- and horticulture		terrestrial	North America	yes	yes	yes					1792					no	published	
79	harmonia	Oncorhynchus mykiss						Salmonidae					Rainbow trout	Regenboogforel	Truite arc-en-ciel			b2	1	restricted				freshwater	North America	no	no	no					1884					no	pending	
28	harmonia	Ondatra zibethicus						Muridae					Muskrat	Muskusrat	Rat musqué	spread		a3	12	widespread		fur farming		freshwater	North America	yes	yes	yes					1928					no	published	
80	harmonia	Orthodontium lineare						Orthodontiaceae					Cape thread-moss	Geelsteeltje				b2	1	restricted				terrestrial		yes							1945					no	pending	
81	harmonia	Ovis ammon						Bovidae					Mouflon		Mouflon	naturalization		c	1	isolated				terrestrial	Europe	yes	no	yes					1938					no	pending	
22	harmonia	Oxyura jamaicensis						Anatidae					Ruddy duck	Rosse stekelstaart	Erismature rousse			b0	10			pets and domestic animals		freshwater	North America	no												yes	published	
133	harmonia	Parthenocissus spp.	P. inserta, P. quinquefolia, P. vitacea					Vitaceae					(false) virginia creeper	(valse) wingerd	Vigne vierge	spread		b3	10	widespread		agri- and horticulture		terrestrial	North America	yes	yes	yes					1880					no	published	
89	harmonia	Pelophylax ridibundus	Rana ridibunda					Ranidae					Marsh frog	Meerkikker, Grote groene kikker	Grenouille rieuse	spread		a2	11	restricted		aquariums and ponds		freshwater	Asia, Europe	yes	yes	yes					1975					no	published	
82	harmonia	Perccottus glenii	Perccottus glehni					Odontobutidae					Rotan, Amur sleeper	Amurgrondel	Goujon de l'amour			a0	11			accidental, aquariums and ponds, game/fish stocking		freshwater, brackish	Asia	no												yes	published	
85	harmonia	Persicaria wallichii	Polygonum polystachyum					Polygonaceae					Himalayan knotweed	Afgaanse duizendknoop	Renouée de l'himalaya	naturalization		b2	10	restricted		agri- and horticulture		terrestrial	Asia	yes	yes	yes					1898					no	published	
111	harmonia	Phytolacca americana	Phytolacca decandra					Phytolaccaceae					American pokeweed	Westerse karmozijnbes	Raisin d'Amérique			b0	9			agri- and horticulture		terrestrial	North America	no												no	published	
4	harmonia	Pimephales promelas						Cyprinidae					Fathead minnow	Dikkopelrits	Vairon américain	spread		b2	9	restricted		game/fish stocking		freshwater	North America	yes	yes	yes					1986					no	published	
83	harmonia	Pinus nigra nigra						Pinaceae					Austrina pine	Oostenrijkse den	Pin noir d'autriche			b2	1	restricted				terrestrial	Europe	yes	yes	yes										no	pending	
84	harmonia	Polemonium caeruleum						Polemoniaceae					Jacob's ladder	Jakobsladder	Polémoine	spread		b1	1	isolated				terrestrial	Asia, Europe	yes	no	yes					1864					no	pending	
150	harmonia	Procambarus clarkii											Red swamp crayfish	Rode rivierkreeft	Ecrevisse de louisiane	naturalization		c	6	isolated		aqua- and mariculture		freshwater	North America	yes	yes											yes	pending	
29	harmonia	Procyon lotor						Procyonidae					Raccoon	Wasbeer	Raton laveur	spread		a2	11	restricted		fur farming, game/fish stocking		terrestrial	North America	yes	no	yes					1986					no	published	
112	harmonia	Prunus laurocerasus	Lauroceraus officinalis					Rosaceae					Cherry laurel	Kerslaurier	Laurier cerise	naturalization		b1	9	isolated		agri- and horticulture		terrestrial	Asia	yes		yes					1994					no	published	
14	harmonia	Prunus serotina	Padus serotina					Amygdalaceae					Black cherry	Amerikaanse vogelkers	Cerisier tardif	spread		a3	12	widespread		forestry		terrestrial	North America	yes	yes	yes					1890					no	published	
5	harmonia	Pseudorasbora parva						Cyprinidae					Stone moroko, Topmouth gudgeon	Blauwband(-grondel)	Goujon asiatique	spread		a2	11	restricted		game/fish stocking		freshwater	Asia	yes	yes	yes					1989					no	published	
86	harmonia	Pseudotsuga menziesii						Pinaceae					Douglas fir	Douglasspar	Douglas			b1	1	isolated				terrestrial	North America	yes		yes										no	pending	
23	harmonia	Psittacula krameri						Psittacidae					Ring-necked parakeet	Halsbandparkiet	Perruche à collier	spread		b2	9	restricted		pets and domestic animals		terrestrial	Africa, Asia	yes	yes	yes					1966					no	published	
87	harmonia	Quercus rubra	Quercus borealis					Fagaceae					Red oak	Amerikaanse eik	Chêne rouge	spread		b3	10	widespread		agri- and horticulture, forestry		terrestrial	North America	yes	yes	yes					1950					no	published	
88	harmonia	Rana catesbeiana	Lithobates catesbeianus					Ranidae					American bullfrog	Stierkikker	Grenouille taureau	spread		a1	12	isolated		aquariums and ponds		freshwater	North America	yes	yes	yes					1996					yes	published	
90	harmonia	Rattus norvegicus						Muridae					Brown rat	Bruine rat	Rat surmulot	stabilization		a3	11	widespread		accidental		freshwater	Asia	yes	yes	yes					1730					no	published	
91	harmonia	Rhododendron ponticum						Ericaceae					Rhododendron	Pontische rododendron	Rhododendron	spread		a2	11	restricted		agri- and horticulture		terrestrial	Asia, Europe	yes	yes	yes					1920					no	published	
113	harmonia	Rhus typhina	Rhus hirta					Anacardiaceae					Staghorn sumac	Fluweelboom	Sumac	naturalization		b1	10	isolated		agri- and horticulture		terrestrial	North America	yes	yes	yes					1898					no	published	
15	harmonia	Robinia pseudoacacia						Fabaceae					Black locust	Gewone robinia	Robinier faux-acacia			b3	10	widespread		agri- and horticulture		terrestrial	North America	yes	yes	yes					1856					no	published	
92	harmonia	Rosa rugosa						Rosaceae					Rugosa rose	Rimpelroos	Rosier rugueux	spread		a3	12	widespread		agri- and horticulture		terrestrial	Asia	yes	yes						1934					no	published	
93	harmonia	Rudbeckia laciniata						Asteraceae					Cutleaf coneflower	Slipbladige rudbeckia	Rudbéckie laciniée	stabilization		b1	10	isolated		agri- and horticulture		terrestrial	North America	yes	yes	yes					1849					no	published	
94	harmonia	Salvelinus fontinalis						Salmonidae					Brook trout	Bronforel	Omble de fontaine, saumon de fontaine			b1	1	isolated				freshwater	North America	no	no	no					1884					no	pending	
6	harmonia	Sander lucioperca	Stizostedion lucioperca					Percidae					Zander, Pike-perch	Snoekbaars	Sandre	spread		b3	9	widespread		game/fish stocking		freshwater	Europe	yes	yes	yes					1890					no	published	
30	harmonia	Sciurus carolinensis						Sciuridae					Grey squirrel	Grijze eekhoorn	Ecureuil gris			a0	11			pets and domestic animals		terrestrial	North America	no												yes	published	
149	harmonia	Sciurus niger											Fox squirrel	Zwarte eekhoorn	Ecureuil fauve			c	5							no												yes	pending	
16	harmonia	Senecio inaequidens						Asteraceae					South african ragwort	Bezemkruiskruid	Sénecon sud-africain	spread		b3	10	widespread		accidental		terrestrial	Africa	yes	yes	yes					1892					no	published	
95	harmonia	Silurus glanis						Siluridae					Wels catfish	Meerval	Silure glane	spread		b2	1	restricted				freshwater	Europe	yes	yes	yes					1982					no	pending	
146	harmonia	Solidago canadensis	Solidago altissima					Asteraceae					Canada goldenrod	Canadese guldenroede	Solidage du canada	spread		a3	11	widespread		agri- and horticulture		terrestrial	North America	yes	yes	yes					1863					no	published	
17	harmonia	Solidago gigantea						Asteraceae					Giant goldenrod	Late guldenroede	Solidage glabre	spread		a3	11	widespread		agri- and horticulture		terrestrial	North America	yes	yes	yes					1869					no	published	
97	harmonia	Spartina townsendii						Poaceae					Townsend's cord-grass	Engels slijkgras	Spartine de townsend	naturalization		a1	1	isolated				freshwater, marine	North America	yes	yes	no					1924					no	pending	
141	harmonia	Spiraea alba						Rosaceae					Meadowsweet	Witte spirea	Spirée blanche	spread		a2	11	restricted		agri- and horticulture		terrestrial	North America	yes	yes	yes					1803					no	published	
139	harmonia	Spiraea douglasii						Rosaceae					Douglas' spirea	Douglasspirea	Spirée de douglas	spread		a2	11	restricted		agri- and horticulture		terrestrial	North America	yes	yes	yes					1885					no	published	
98	harmonia	Spiraea spp.	S. douglasii, S. alba, S. x billardii					Rosaceae					Meadowsweet	Pluimspirea	Spirée	spread		a2	11	restricted		agri- and horticulture		terrestrial	North America	yes	yes	yes					1803					no	draft	
140	harmonia	Spiraea tomentosa						Rosaceae					Steeplebush	Viltige pluimspirea	Spirée tomenteuse	spread		b1	9	isolated		agri- and horticulture		terrestrial	North America	yes	yes	yes					1870					no	published	
142	harmonia	Spiraea x billardii						Rosaceae					Billard's bridewort	Billardspirea	Spirée de billard	spread		b2	9	restricted		agri- and horticulture		terrestrial	North America	yes	yes	yes					1895					no	published	
100	harmonia	Tadorna ferruginea						Anatidae					Ruddy shelduck	Casarca	Tadorne casarca	naturalization		c	1	isolated				freshwater	Asia	yes	yes	no					1981					no	pending	
31	harmonia	Tamias sibiricus						Sciuridae					Siberian chipmunk	Aziatische grondeekhoorn	Ecureuil de corée	spread		b1	9	isolated		pets and domestic animals		terrestrial	Asia	yes	yes	yes					1969					no	published	
24	harmonia	Threskiornis aethiopica	Tantalus aethiopicus					Threskiornithidae					Sacred ibis	Heilige ibis	Ibis sacré			a0	11			pets and domestic animals		freshwater	Africa	no												yes	published	
101	harmonia	Trachemys scripta						Emydidae					Red-eared slider	Roodwangschildpad	Tortue de californie	stabilization		b2	1	restricted				freshwater	North America	no	no	no					1979					no	pending	
7	harmonia	Umbra pygmaea						Umbridae					Eastern mudminnow	Amerikaanse hondsvis	Umbre pygmée, Poisson chien	stabilization		c	8	restricted		game/fish stocking		freshwater	North America	yes	yes	yes					1920					no	published	
	fishes	Acipenser baeri											Siberian sturgeon			A						AQ, OR			AS									2001						
	fishes	Acipenser guldenstaedti											Russian sturgeon			A						AQ, OR			EE									2005						
	fishes	Acipenser ruthenus											Sterlet			A						AQ, OR			EE									20xx						
	fishes	Ameiurus nebulosus											Brown bullhead			N						AQ, OR			NA									1871						
	fishes	Aspius aspius											Asp			N						AN			EE									1984						
	fishes	Carassius auratus											Goldfish			A						OR			AS									17th c.						
	fishes	Carassius gibelio											Gibel carp			N						UN			AS or EE									17th c.						
	fishes	Clarias gariepinus											African catfish			A*						AQ			AFR									1980s						
	fishes	Ctenopharyngodon idella											Grass carp			A						BC			AS									1967						
	fishes	Cyprinus carpio											Common carp			N						AQ			EE									13th c.						
	fishes	Hypophthalmichthys molitrix											Silver carp			A						BC			AS									1975						
	fishes	Hypophthalmichthys nobilis											Bighead carp			A						BC			AS									1975						
	fishes	Ictalurus punctatus											Channel catfish			A						AQ			NA									1884						
	fishes	Lepomis gibbosus											Pumpkinseed			N						OR			NA									1885						
	fishes	Neogobius melanostomus											Round goby			N						BW, AM			EE									2010						
	fishes	Oncorhynchus mykiss											Rainbow trout			A						AQ, AN			NA									1884						
	fishes	Oreochromis niloticus											Nile tilapia			A*						AQ			AFR									1990						
	fishes	Pimephales promelas											Fathead minnow			N						AN			NA									1984						
	fishes	Ponticola kessleri											Bighead goby			N						BW, AM			EE									2012						
	fishes	Proterorhinus semilunairs											Tubenose goby			N						AM			EE									2010						
	fishes	Pseudorasbora parva											Topmouth gudgeon			N						UN, AN			AS									1992						
	fishes	Sander lucioperca											Pikeperch			N						AN			EE									1890						
	fishes	Umbra pygmaea											Eastern mudminnow			N						OR, AQ			NA									1920						
	macroinvertebrates	Laonome calida			ANNELIDA		Sabellida	Sabellidae														shipping		Freshwater/Brackish	Australia									2014		This study				
	macroinvertebrates	Ficopomatus enigmaticus			ANNELIDA			Serpulidae														shipping		Freshwater/Brackish	Asia									1950		Leloup and Lefevre 1952				
	macroinvertebrates	Marenzelleria viridis			ANNELIDA		Spionida	Spionidae														shipping		Brackish	North-America									1995		Ysebaert et al. 1997				
	macroinvertebrates	Marenzelleria neglecta			ANNELIDA																	shipping		Brackish	North-America									2008		Soors et al. 2013				
	macroinvertebrates	Hypania invalida			ANNELIDA		Terebellida	Ampharetidae														shipping		Freshwater	Ponto-Caspian									2000		Vercauteren et al. 2005				
	macroinvertebrates	Branchiodrilus hortensis			ANNELIDA		Tubficida	Naididae														shipping, corridors		Freshwater	Asia, Africa and Australia									2010		Soors et al. 2013				
	macroinvertebrates	Bratislavia dadayi			ANNELIDA																	shipping, corridors		Freshwater	Southern hemisphere, China and USA									2002		Soors et al. 2013				
	macroinvertebrates	Branchiura sowerbyi			ANNELIDA			Tubificidae														shipping		Freshwater/Brackish	East-Asia									1931		Damas 1938				
	macroinvertebrates	Limnodrilus cervix			ANNELIDA																	shipping		Freshwater	North-America									2009		Soors et al. 2013				
	macroinvertebrates	Monopylephorus limosus			ANNELIDA																	shipping		Freshwater	Asia									2002		Soors et al. 2013				
	macroinvertebrates	Potamothrix vejdovskyi			ANNELIDA																	shipping		Freshwater	Ponto-Caspian									2009		Soors et al. 2013				
	macroinvertebrates	Psammoryctides moravicus			ANNELIDA																	shipping		Freshwater	Ponto-Caspian									2008		Soors et al. 2013				
	macroinvertebrates	Quistadrilus multisetosus			ANNELIDA																	shipping		Freshwater	North-America									1996		Seys et al. 1999				
	macroinvertebrates	Tasserkidrilus americanus			ANNELIDA																	shipping		Freshwater	North-America									2006		Soors et al. 2013				
	macroinvertebrates	Caprella mutica			CRUSTACEA		Amphipoda	Caprellidae														shipping, aquaculture		Marine	Northeast-Asia									1998		Cook et al. 2007				
	macroinvertebrates	Chelicorophium curvispinum			CRUSTACEA			Corophidae														corridors		Freshwater/Brackish	Ponto-Caspian									1990		Vercauteren et al. 2006				
	macroinvertebrates	Monocorophium sextonae 			CRUSTACEA																	shipping		Brackish/Marine	New Zealand									1993		Dewicke 2002				
	macroinvertebrates	Crangonyx pseudogracilis			CRUSTACEA			Crangonictidae														shipping		Freshwater	North-America									1992		Wouters 2002				
	macroinvertebrates	Synurella ambulans			CRUSTACEA																	aquaculture		Freshwater	Ponto-Caspian									2003		Boets et al. 2010b				
	macroinvertebrates	Dikerogammarus villosus			CRUSTACEA			Gammaridae														corridors		Freshwater/Brackish	Ponto-Caspian									1997		Messiaen et al. 2010				
	macroinvertebrates	Echinogammarus berilloni			CRUSTACEA																	corridors		Freshwater	South-Europe									1925		Wouters 2002				
	macroinvertebrates	Echinogammarus trichiatus			CRUSTACEA																	corridors		Freshwater	Ponto-Caspian									2009		Boets et al. 2012c 				
	macroinvertebrates	Gammarus roeseli			CRUSTACEA																	corridors		Freshwater	South-Europe									1937		Collection RBINS				
	macroinvertebrates	Gammarus tigrinus			CRUSTACEA																	corridors		Freshwater/Brackish	North-America									1991		Messiaen et al. 2010				
	macroinvertebrates	Melita nitida			CRUSTACEA			Melitidae														shipping		Marine	North-America									1996		Faasse and Van Moorsel, 2003				
	macroinvertebrates	Incisocalliope aestuarius			CRUSTACEA			Pleustidae														shipping		Brackish/Marine	North-America									1996		Faasse and Van Moorsel 2003				
	macroinvertebrates	Orchestia cavimana			CRUSTACEA			Talitridae														shipping, corridors		Freshwater/Brackish	Ponto-Caspian									1927		Wouters 2002				
	macroinvertebrates	Sinelobus vanhaareni			CRUSTACEA			Tanaidae														shipping, aquaculture		Brackish	unknown									2007		Van  Haaren and Soors 2009				
	macroinvertebrates	Astacus leptodactylus			CRUSTACEA		Decapoda	Astacidae														aquaculture		Freshwater	East-Europe									1986		Gerard 1986				
	macroinvertebrates	Pacifastacus leniusculus			CRUSTACEA																	aquaculture		Freshwater	North-America									1986		Gerard 1986				
	macroinvertebrates	Athyaephyra desmaresti			CRUSTACEA			Atyidae														aquarium trade		Freshwater	South-Europe									1895		Wouters 2002				
	macroinvertebrates	Procambarus clarkii			CRUSTACEA			Cambaridae														aquaculture, aquarium trade		Freshwater	North-America									2008		Boets et al. 2009				
	macroinvertebrates	Orconectes limosus			CRUSTACEA																	aquaculture, aquarium trade		Freshwater	North-America									1977		Wouters 2002				
	macroinvertebrates	Rhithropanopeus harrisii 			CRUSTACEA			Panopeidae														shipping		Freshwater/Brackish	North-America									1991		Van Damme et al. 1992				
	macroinvertebrates	Palaemon macrodactylus			CRUSTACEA			Palaemonidae														shipping		Freshwater/Brackish	Southeast-Asia									1999		Boets et al. 2011b				
	macroinvertebrates	Callinectes sapidus			CRUSTACEA			Portunidae														shipping		Brackish/Marine	North-America									1993		Van Damme and Maes 1993				
	macroinvertebrates	Eriocheir sinensis			CRUSTACEA			Varunidae														shipping		Freshwater/Brackish	Southeast-Asia									1933		Wouters 2002				
	macroinvertebrates	Hemigrapsus takanoi			CRUSTACEA																	shipping, aquaculture		Marine	North-America									2003		Dumoulin 2004				
	macroinvertebrates	Hemigrapsus sanguineus 			CRUSTACEA																	shipping, aquaculture		Marine	North-America									2006		Nuyttens et al. 2006				
	macroinvertebrates	Proasellus coxalis			CRUSTACEA		Isopoda	Asellidae														shipping, corridors, other		Freshwater/Brackish	South-Europe									1998		Boets et al. unpub data				
	macroinvertebrates	Proasellus meridianus			CRUSTACEA																	shipping, corridors, other		Freshwater/Brackish	South-Europe									1945		Collection RBINS				
	macroinvertebrates	Synidotea laticauda			CRUSTACEA			Idoteidae														shipping		Brackish	North-America									2005		Soors et al. 2010				
	macroinvertebrates	Jaera istri			CRUSTACEA			Janiridae														shipping, corridors		Freshwater	Ponto-Caspian									2000		Messiaen et al. 2010				
	macroinvertebrates	Hemimysis anomala			CRUSTACEA		Mysida	Mysidae														shipping, others		Freshwater/Brackish	Ponto-Caspian									1999		Verslycke et al. 2000				
	macroinvertebrates	Limnomysis benedeni			CRUSTACEA																	shipping, corridors		Freshwater	Ponto-Caspian									2005		Lock et al. 2007				
	macroinvertebrates	Elminius modestus			CRUSTACEA		Sessilia	Austrobalanidae 														shipping		Marine	Australia-Asia									1950		Leloup and Lefevre 1952				
	macroinvertebrates	Amphibalanus amphitrite			CRUSTACEA			Balanidae														shipping		Marine	South-Europe									1952		Kerckhof and Catrijsse 2001				
	macroinvertebrates	Amphibalanus improvisus			CRUSTACEA																	shipping		Marine	West-Atlantic									before 1700		Kerckhof and Catrijsse 2001				
	macroinvertebrates	Megabalanus tintinnabulum			CRUSTACEA																	shipping		Marine	West-Africa, Indio-Pacific									1998		Kerckhof and Catrijsse 2001				
	macroinvertebrates	Megabalanus coccopoma			CRUSTACEA																	shipping		Marine	South-America									1997		Kerckhof and Catrijsse 2001				
	macroinvertebrates	Amphibalanus reticulatus			CRUSTACEA																	shipping		Marine	Tropical and warm seas									1997		Kerckhof and Catrijsse 2001				
	macroinvertebrates	Austrominius directus			MOLLUSCA		Euheterodonta 	Pharidae														shipping, other		Marine	North-America 									1987		Kerckhof and Dumoulin 1987				
	macroinvertebrates	Crepidula fornicata			MOLLUSCA		Littorinimorpha 	Calyptraeidae 														shipping, other		Marine	North-America 									1911		Adam  and Leloup 1934				
	macroinvertebrates	Mya arenaria			MOLLUSCA		Myoida	Myidae														shipping, other		Marine	North-America 									< 1700		Kerckhof et al. 2007				
	macroinvertebrates	Teredo navalis			MOLLUSCA			Teredinidae														shipping, other		Marine	Unknown									1730-1732		Sellius 1733				
	macroinvertebrates	Psiloteredo megotara			MOLLUSCA																	shipping, other		Marine	Unknown 									<1600		Backeljau 1986				
	macroinvertebrates	Lithoglyphus naticoides			MOLLUSCA		Neotaenioglossa	Hydrobiidae														corridors		Freshwater	Ponto-Caspian									1924		Adam 1947				
	macroinvertebrates	Potamopyrgus antipodarum			MOLLUSCA																	shipping		Freshwater/Brackish	New Zealand									1927		Adam 1947				
	macroinvertebrates	Crassostrea gigas			MOLLUSCA		Ostreoida	Ostreidae														aquaculture		Brackish/Marine	Southeast-Asia									1969		Leloup 1971				
	macroinvertebrates	Menetus dilatatus			MOLLUSCA		Pulmonata	Planorbidae														shipping, corridors		Freshwater	North-America									1998		Sablon et al. 2010a				
	macroinvertebrates	Ferrissia fragilis			MOLLUSCA																	aquarium trade		Freshwater	North-Africa									1937		Van Goethem and Sablon 1986				
	macroinvertebrates	Physella acuta			MOLLUSCA			Physidae														other		Freshwater	North-America									1869		Adam 1947				
	macroinvertebrates	Sinanodonta woodiana			MOLLUSCA		Unionoida	Unionidae														aquaculture		Freshwater	Asia									1999		Keppens and Mienis 2004				
	macroinvertebrates	Corbicula fluminalis			MOLLUSCA		Veneroidea	Corbiculidae														shipping, corridors		Freshwater	Asia									1992		Swinnen et al. 1998				
	macroinvertebrates	Corbicula fluminea			MOLLUSCA																	shipping, corridors		Freshwater	Asia									1992		Swinnen et al. 1998				
	macroinvertebrates	Dreissena polymorpha			MOLLUSCA			Dreissenidae														corridors		Freshwater	Ponto-Caspian									1834		Adam 1947				
	macroinvertebrates	Dreissena rostriformis bugensis			MOLLUSCA																	corridors		Freshwater	Ponto-Caspian									2009		Sablon et al. 2010b				
	macroinvertebrates	Mytilopsis leucophaeta			MOLLUSCA																	shipping		Freshwater/Brackish	North-America									1835		Nyst 1835; Adam 1947				
	macroinvertebrates	Rangia cuneata			MOLLUSCA			Mactridae														shipping		Freshwater/Brackish	North-America									2004		Verween et al. 2006				
	macroinvertebrates	Petricolaria pholadiformis			MOLLUSCA			Veneridae														aquaculture, other		Marine	North-America 									1899		Loppens 1902				
	macroinvertebrates	Mercenaria mercenaria			MOLLUSCA																	shipping		Marine	North-America 									1933		Vandepitte et al. 2012				
	macroinvertebrates	Dugesia tigrina			PLATYHELMINTHES		Seriata	Dugesiidae														other		Freshwater	North-America									2004		Vercauteren et al. 2006				
	macroinvertebrates	Dendrocoelum romanodanubiale			PLATYHELMINTHES			Dendrocoelidae														corridors		Freshwater	Ponto-Caspian									2001		Vercauteren et al. 2005				
	plants	Acanthus mollis L.						Acanthaceae								Cas.						Hort.	D		E AF		X	X					1998		2015					
	plants	Acorus calamus L.						Acoraceae								Nat.						Hort.	D		AS-Te		X	X	X				1680		N					
	plants	Actinidia deliciosa (Chevalier) C.S. Liang et A.R. Ferguson						Actinidiaceae								Cas.						Food refuse	D		AS-Te		X	X					2000		Ann.					
	plants	Sambucus canadensis L.						Adoxaceae								Cas.						Hort.	D		NAM		X						1972		2015					
	plants	Viburnum davidii Franch.						Adoxaceae								Cas.						Hort.	D		AS-Te		X						2014		2015					
	plants	Viburnum rhytidophyllum Hemsl.						Adoxaceae								Cas.						Hort.	D		AS-Te		X	X	X				1990		N					
	plants	Viburnum tinus L.						Adoxaceae								Cas.						Hort.	D		E		X						2007		2015					
	plants	Viburnum x rhytidophylloides Suringar (V. lantana x rhytidophyllum)						Adoxaceae								Cas.						Hort.	D		Hybr.		X						2013		2015					
	plants	Delosperma cooperi (Hook.f.) L. Bolus						Aizoaceae								Cas.						Hort.	D		AF		X						2009		2009					
	plants	Mesembryanthemum cordifolium L.f. 	Aptenia cordifolia (L. f.) Schwantes					Aizoaceae								Cas.						Wool	A		AF			X					1892		1947					
	plants	Mesembryanthemum crystallinum L.						Aizoaceae								Cas.						Hort.	D		AF			X					1955		1955					
	plants	Mesembryanthemum nodiflorum L.						Aizoaceae								Cas.						Wool	A		E AF AS-Te			X					1895		1949					
	plants	Sesuvium portulacastrum (L.) L.						Aizoaceae								Cas.						Wool?	A		Trop.			X					1907		1907					
	plants	Tetragonia tetragonioides (Pallas) O. Kuntze						Aizoaceae								Cas.						Agric., wool	A/D		AS-Tr AUS SAM		X	X	X				1888		2015					
	plants	Sagittaria latifolia Willd.						Alismataceae								Nat.						Hort.	D		AM		X	X					1997		N					
	plants	Liquidambar styraciflua L.						Altingiaceae								Cas.						Hort.	D		NAM		X						2007		2015					
	plants	Alternanthera angustifolia R. Brown						Amaranthaceae								Cas.						Wool	A		AUS			X					1895		1895					
	plants	Alternanthera caracasana Humb., Bonpl. et Kunth						Amaranthaceae								Cas.						Wool	A		SAM			X					1947		1948					
	plants	Alternanthera denticulata R. Brown						Amaranthaceae								Cas.						Wool	A		AUS			X					1895		1947					
	plants	Alternanthera nodiflora R. Brown						Amaranthaceae								Cas.						Wool	A		AF AS-Tr AUS			X					1947		1947					
	plants	Alternanthera paronychioides A. St. Hil.						Amaranthaceae								Cas.						Wool	A		SAM			X					1911		1911					
	plants	Alternanthera pungens Humb., Bonpl. et Kunth						Amaranthaceae								Cas.						Wool	A		SAM			X					<1949		<1949					
	plants	Alternanthera sessilis (L.) DC.						Amaranthaceae								Cas.						Wool	A		Trop.			X					1911		1951					
	plants	Alternanthera tenella Colla						Amaranthaceae								Cas.						Grain	A		SAM		X						2001		2002					
	plants	Amaranthus acutilobus Uline et Bray						Amaranthaceae								Cas.						Wool	A		NAM			X					1908		1928					
	plants	Amaranthus albus L.						Amaranthaceae								Nat.						Grain, wool,…	A		NAM		X	X	X				1857		N					
	plants	Amaranthus blitoides S. Watson						Amaranthaceae								Nat.						Grain, wool,…	A		NAM		X	X					1886		N					
	plants	Amaranthus blitum L. s.l.						Amaranthaceae								Nat.						Grain, wool,…	A		E AF AS 		X	X	X				<1835		N					
	plants	Amaranthus capensis Thell. subsp. capensis						Amaranthaceae								Cas.						Wool	A		AF			X					1890		1911					
	plants	Amaranthus capensis Thell. subsp. uncinatus (Thell.) Brenan	Amaranthus dinteri Schinz var. uncinatus Thell.					Amaranthaceae								Cas.						Wool	A		AF			X					1890		1949					
	plants	Amaranthus caudatus L.						Amaranthaceae								Cas.						Hort.	D		Trop.		X	X	X				1874		2015					
	plants	Amaranthus clementii Domin	 					Amaranthaceae								Cas.						Wool	A		AUS			X					1939		1949					
	plants	Amaranthus crispus (Lesp. et Thév.) N. Terrac.						Amaranthaceae								Cas.						Wool,…	A		SAM			X					1884		1959					
	plants	Amaranthus cruentus L.	Amaranthus hybridus L. subsp. cruentus (L.) Thell.					Amaranthaceae								Cas.						Hort.	D		SAM			X					2005		2005					
	plants	Amaranthus deflexus L.						Amaranthaceae								Nat.						Grain, wool,…	A		SAM		X	X					<1850		N					
	plants	Amaranthus graecizans L.						Amaranthaceae								Cas.						Wool,…	A		E AF AS		X	X					1874		1962					
	plants	Amaranthus hybridus L. subsp. hybridus var. hybridus						Amaranthaceae								Nat.						Grain, wool,…	A		AM		X	X	X				1870		N					
	plants	Amaranthus hybridus L. subsp. hybridus var. pseudoretroflexus (Thell.) Carretero	Amaranthus powelii S. Watson					Amaranthaceae								Cas.						Grain, wool,…	A		NAM		X	X	X				1904		2004					
	plants	Amaranthus hybridus L. subsp. quitensis (Kunth) Costea et Carretero	Amaranthus quitensis Kunth					Amaranthaceae								Cas.						Grain, wool,…	A		SAM		X	X	X				1898		2013					
	plants	Amaranthus hypochondriacus L.	Amaranthus hybridus subsp. hybridus var. erythrostachys Moq.					Amaranthaceae								Cas.						Hort.	D		NAM		X	X					1857		Ann.					
	plants	Amaranthus macrocarpus Benth. var. macrocarpus						Amaranthaceae								Cas.						Wool	A		AUS			X					1911		1949					
	plants	Amaranthus macrocarpus Benth. var. pallidus Benth.						Amaranthaceae								Cas.						Wool	A		AUS			X					1947		1949					
	plants	Amaranthus mitchellii Benth.						Amaranthaceae								Cas.						Wool	A		AUS			X					1892		1948					
	plants	Amaranthus muricatus (Moq.) Hieron.						Amaranthaceae								Cas.						Wool,…	A		SAM		X	X					1947		1975					
	plants	Amaranthus palmeri S. Watson						Amaranthaceae								Cas.						Grain	A		NAM		X	X	X				1952		2009					
	plants	Amaranthus polygonoides L.						Amaranthaceae								Cas.						Wool	A		AM			X					1959		1959					
	plants	Amaranthus powellii S. Watson subsp. bouchonii (Thell.) Costea et Carretero	Amaranthus bouchonii Thell.					Amaranthaceae								Nat.						Grain,…	A		E		X	X	X				1957		N					
	plants	Amaranthus retroflexus L.						Amaranthaceae								Nat.						Grain, wool,…	A		NAM		X	X	X				1857		N					
	plants	Amaranthus scleropoides Uline et Bray						Amaranthaceae								Cas.						Wool	A		NAM			X					1959		1959					
	plants	Amaranthus spinosus L.						Amaranthaceae								Cas.						Grain, wool,…	A		Trop.		X	X					1887		2007					
	plants	Amaranthus standleyanus Parodi ex Covas						Amaranthaceae								Cas.						Grain, wool,…	A		SAM		X	X					1903		2009					
	plants	Amaranthus thunbergii Moq.						Amaranthaceae								Cas.						Wool,…	A		AF		X	X					1857		1975					
	plants	Amaranthus tuberculatus (Moq.) Sauer						Amaranthaceae								Cas.						Grain	A		NAM		X						1992		2005					
	plants	Amaranthus tuberculatus (Moq.) Sauer var. rudis (Sauer) Costea et Tardif	Amaranthus rudis Sauer					Amaranthaceae								Cas.						Grain	A		NAM		X						1983		2003					
	plants	Amaranthus viridis L.						Amaranthaceae								Cas.						Wool, grain,…	A		SAM		X	X					1905		2013					
	plants	Amaranthus x ozanonii (Thell.) C. Schuster et M. Goldschm. (A. hybridus x retroflexus)						Amaranthaceae								Cas.						Hybridization	A		Hybr.		X	X					1983		2011					
	plants	Amaranthus x ralletii Contré (A. bouchonii x retroflexus)						Amaranthaceae								Cas.						Hybridization	A		Hybr.				X				1985		1985					
	plants	Atriplex eardleyae Aell.						Amaranthaceae								Cas.						Wool	A		AUS			X					1906		1906					
	plants	Atriplex halimus L.						Amaranthaceae								Cas.						Hort.	D		E AF AS-Te		X						1922		1929					
	plants	Atriplex holocarpa F. Muell.	Senniella spongiosa (F. Muell.) Aell. var. holocarpa (F. Muell.) Aell.					Amaranthaceae								Cas.						Wool	A		AUS			X					1906		1906					
	plants	Atriplex hortensis L.						Amaranthaceae								Cas.						Hort., wool, grain	D		AS-Te		X	X	X				1859		Ann.					
	plants	Atriplex leptocarpa F. Muell.						Amaranthaceae								Cas.						Wool	A		AUS			X					1911		1951					
	plants	Atriplex micrantha Ledeb.						Amaranthaceae								Nat.						Wool,…	A		AS-Te		X	X	X				1957		N					
	plants	Atriplex muelleri Benth.						Amaranthaceae								Cas.						Wool	A		AUS			X					1947		1951					
	plants	Atriplex oblongifolia Waldst. et Kit.						Amaranthaceae								Cas.						?	A		E AF AS-Te			X					<1850		<1850					
	plants	Atriplex pseudocampanulata Aell.						Amaranthaceae								Cas.						Wool	A		AUS			X					1895		1895					
	plants	Atriplex rosea L.						Amaranthaceae								Cas.						Wool,…	A		E AF AS-Te		X	X					<1830		1953					
	plants	Atriplex sagittata Borkh.						Amaranthaceae								Cas.						Wool,…	A		E AS-Te		X	X	X				1853		1983					
	plants	Atriplex semibaccata R. Brown						Amaranthaceae								Cas.						Wool	A		AUS			X					1947		1947					
	plants	Atriplex sibirica L.						Amaranthaceae								Cas.						?	A		AS-Te				X				1967		1967					
	plants	Atriplex suberecta Verdoorn						Amaranthaceae								Cas.						Wool	A		AUS			X					1903		1954					
	plants	Atriplex tatarica L.						Amaranthaceae								Cas.						Grain, wool,…	A		E AS-Te		X	X	X				<1835		1999					
	plants	Axyris amaranthoides L.						Amaranthaceae								Cas.						Grain,…	A		AS-Te		X	X	X				1918		2005					
	plants	Bassia hyssopifolia (Pallas) O. Kuntze						Amaranthaceae								Cas.						Wool,…	A		E AS-Te		X	X					<1861		1967					
	plants	Bassia laniflora (S.G. Gmel.) A.J. Scott						Amaranthaceae								Cas.						?	A		E AS-Te		X						<1861		<1861					
	plants	Bassia scoparia (L.) Voss s.l.						Amaranthaceae								Nat.						Grain, wool,…	A		E AS-Te		X	X	X				<1835		N					
	plants	Beta macrocarpa Guss.						Amaranthaceae								Cas.						Grain, wool	A		E AF		X	X					1910		2015					
	plants	Beta trigyna Waldst. et Kit.						Amaranthaceae								Cas.						Grain,…	A		E AS-Te		X	X					1859		1913					
	plants	Beta vulgaris L. subsp. vulgaris						Amaranthaceae								Cas.						Agric.	D		?		X	X	X				1891		Ann.					
	plants	Blitum capitatum L.	Chenopodium capitatum (L.) Ambr.					Amaranthaceae								Cas.						Agric.	D		?		X	X	X				<1850		1980					
	plants	Blitum nuttallianum Schult.	Monolepis nuttalliana (Schult.) E. Greene					Amaranthaceae								Cas.						Grain,…	A		NAM AS-Te		X						<1900		1994					
	plants	Blitum virgatum L.	Chenopodium foliosum Aschers.					Amaranthaceae								Nat.						Ore, wool,…	A		E AF AS-Te		X	X	X				1858		N					
	plants	Chenopodiastrum simplex (Torr.) Fuentes & al.	Chenopodium simplex (Torr.) Rafin.					Amaranthaceae								Cas.						Grain?	A		NAM		X	X					1882		1970					
	plants	Chenopodium album L. x hircinum						Amaranthaceae								Cas.						Hybridization	A		Hybr.		X						1954		1954					
	plants	Chenopodium album L. x missouriense 						Amaranthaceae								Cas.						Hybridization	A		Hybr.		?	?	?				?		?					
	plants	Chenopodium album L. x probstii 						Amaranthaceae								Cas.						Hybridization	A		Hybr.		?	?	?				?		?					
	plants	Chenopodium auricomiforme J. Murr et Thell.						Amaranthaceae								Cas.						Wool	A		AUS			X					1911		1911					
	plants	Chenopodium berlandieri Moq.						Amaranthaceae								Nat.						Ore?	A		NAM		X		X				1918		N					
	plants	Chenopodium borbasioides A. Ludwig						Amaranthaceae								Cas.						Wool	A		SAM			X					1947		1962					
	plants	Chenopodium bushianum Aell.						Amaranthaceae								Cas.						Grain?	A		NAM		X						1952		1952					
	plants	Chenopodium giganteum D. Don						Amaranthaceae								Cas.						Grain, wool	A		AS-Tr  		X	X					1947		2005					
	plants	Chenopodium hircinum Schrad.						Amaranthaceae								Cas.						Wool,…	A		SAM		X	X	X				1874		1983					
	plants	Chenopodium missouriense Aell.						Amaranthaceae								Cas.						Grain	A		NAM		X						2003		2003					
	plants	Chenopodium opulifolium Schrad. ex Koch et Ziz						Amaranthaceae								Cas.						Wool, grain,…	A		E AF AS-Te		X	X	X				1857		2015					
	plants	Chenopodium pratericola Rydberg s.l.						Amaranthaceae								Cas.						Grain,…	A		NAM		X	X	X				1893		1953					
	plants	Chenopodium probstii Aell.						Amaranthaceae								Cas.						Grain, wool,…	A		NAM		X	X	X				1954		2015					
	plants	Chenopodium quinoa Willd.						Amaranthaceae								Cas.						Agric.	D		SAM		X	X					1991		1994					
	plants	Chenopodium striatiforme J. Murr						Amaranthaceae								Cas.						?	A		E		X	X					1862		1967					
	plants	Chenopodium suecicum J. Murr						Amaranthaceae								Cas.						?	A		E AS-Te			X					1971		1971					
	plants	Chenopodium x pelgrimsianum Aell. (C. album L. x bushianum)						Amaranthaceae								Cas.						Hybridization	H		Hybr.		X						1952		1952					
	plants	Chenopodium x preissmannii J. Murr (C. album L. x opulifolium)						Amaranthaceae								Cas.						Hybridization	H		Hybr.		?	?	?				?		?					
	plants	Chenopodium x reynieri Ludwig et Aellen (C. album L. x giganteum)						Amaranthaceae								Cas.						Hybridization	H		Hybr.		X						2015		2015					
	plants	Corispermum gmelinii Bunge						Amaranthaceae								Cas.						Grain	A		AS-Te		X						2009		2009					
	plants	Corispermum pallasii Steven						Amaranthaceae								Nat.						Ore	A		AS-Te		X	X	X				1917		N					
	plants	Dysphania ambrosioides (L.) Mosyakin et Clemants	Chenopodium ambrosioides L. s.l.					Amaranthaceae								Nat.						Wool, grain,…	A		SAM		X	X	X				<1850		N					
	plants	Dysphania botrys (L.) Mosyakin et Clemants	Chenopodium botrys L.					Amaranthaceae								Cas.						Ore, wool,…	A		E AF AS-Te		X	X					1829		2015					
	plants	Dysphania carinata (R. Brown) Mosyakin et Clemants	Chenopodium carinatum R. Brown					Amaranthaceae								Cas.						Wool	A		AUS		X	X					1940		1995					
	plants	Dysphania cristata (F. Muell.) Mosyakin et Clemants	Chenopodium cristatum (F. Muell.) F. Muell.					Amaranthaceae								Cas.						Wool	A		AUS			X					1899		1972					
	plants	Dysphania glomulifera (Nees) P.G. Wilson						Amaranthaceae								Cas.						Wool	A		AUS			X					1904		1924					
	plants	Dysphania multifida (L.) Mosyakin et Clemants	Chenopodium multifidum L.					Amaranthaceae								Cas.						Wool,…	A		SAM		X	X	X				1882		1948					
	plants	Dysphania pseudomultiflora (J. Murr) Verloove et Lambinon	Chenopodium pseudomultiflorum (J. Murr) Uotila					Amaranthaceae								Cas.						Wool	A		AF			X					1947		1947					
	plants	Dysphania pumilio (R. Brown) Mosyakin et Clemants	Chenopodium pumilium R. Brown					Amaranthaceae								Nat.						Grain, wool,…	A		AUS		X	X	X				1887		N					
	plants	Dysphania schraderiana (Schult.) Mosyakin et Clemants	Chenopodium schraderianum Schult.					Amaranthaceae								Cas.						Wool,…	A		AF		X	X					1886		2011					
	plants	Einadia polygonoides (J. Murr) Wilson	Chenopodium polygonoides (J. Murr) Aell.					Amaranthaceae								Cas.						Wool	A		AUS			X					1951		1951					
	plants	Oxybasis glauca (L.) Fuentes & al. var. salina (Standley) Verloove	Chenopodium glaucum L. var. salinum (Standley) B. Boivin					Amaranthaceae								Cas.						Grain,…	A		NAM		X	X					2003		2015					
	plants	Oxybasis macrosperma (Hook. f.) Fuentes & al.	Chenopodium macrospermum Hook. f.					Amaranthaceae								Cas.						Wool,…	A		SAM		X	X					1895		1904					
	plants	Polycnemum arvense L.						Amaranthaceae								Cas.						Wool,…	A		E AS-Te		X	X					<1835		1903					
	plants	Ptilotus spicatus Benth.						Amaranthaceae								Cas.						Wool	A		AUS			X					1947		1947					
	plants	Sclerolaena muricata (Moq.) Domin						Amaranthaceae								Cas.						Wool	A		AUS			X					1907		1911					
	plants	Spinacia oleracea L.						Amaranthaceae								Cas.						Agric.	D		?		X	X	X				1872		2015					
	plants	Spirobassia hirsuta (L.) Freitag et G. Kadereit	Bassia hirsuta (L.) Aschers.					Amaranthaceae								Cas.						?	A		E AS-Te		X						<1850		<1850					
	plants	Allium carinatum L.						Amaryllidaceae								Ext.?						Hort.?	D?		E AS-Te			X					1811		1957					
	plants	Allium christophii Trautv.						Amaryllidaceae								Cas.						Hort.	D		AS-Te		X						2011		2011					
	plants	Allium fistulosum L.						Amaryllidaceae								Cas.						Hort.	D		AS-Te			X					<1850		<1850					
	plants	Allium moly L.						Amaryllidaceae								Cas.						Hort.	D		E			X					1885		1885					
	plants	Allium nigrum L.						Amaryllidaceae								Cas.						Hort.	D		E AF AS-Te		X						2013		2013					
	plants	Allium paradoxum (Bieb.) G. Don var. paradoxum						Amaryllidaceae								Nat.						Hort.	D		AS-Te		X	X	 				1989		N					
	plants	Allium porrum L.						Amaryllidaceae								Cas.						Agric.	D		?				X				1948		2015					
	plants	Allium ramosum L. (s.l.)	Incl. A. tuberosum Rottler ex Spreng.					Amaryllidaceae								Cas.						Food refuse	D		AS-Te		X						2010		2010					
	plants	Allium schoenoprasum L.						Amaryllidaceae								Nat.						Agric.	D		E		X	X	X				1836		N					
	plants	Allium scorodoprasum L.						Amaryllidaceae								Nat.						Hort.	D		E		X	X					1925		N					
	plants	Allium triquetrum L.						Amaryllidaceae								Nat.?						Hort.	D		E AF		X						2013		N?					
	plants	Galanthus ikariae Baker						Amaryllidaceae								Cas.?						Hort.	D		E AS-Te				X				1984		1984					
	plants	Galanthus nivalis L. var. nivalis						Amaryllidaceae								Nat.						Hort.	D		E AS-Te		X	X	X				1811		N					
	plants	Galanthus nivalis L. var. scharlockii Caspary						Amaryllidaceae								Nat.?						Hort.	D		?		X	X					1939		N?					
	plants	Galanthus x warei J. Allen (G. nivalis var. nivalis x nivalis var. scharlockii)						Amaryllidaceae								Cas.						Hort.	D		Hybr.			X					2003		2003					
	plants	Galanthus woronowii Losinsk. 						Amaryllidaceae								Cas.						Hort.	D		AS-Te		X						2015		2015					
	plants	Narcissus obvallaris Salisb.	N. pseudonarcissus L. subsp. obvallaris (Salisb.) A. Fern.					Amaryllidaceae								Nat.						Hort.	D		E		X						2014		N					
	plants	Narcissus poeticus L.						Amaryllidaceae								Nat.						Hort.	D		E		X	X					1868		N					
	plants	Narcissus pseudonarcissus L. subsp. major (Curt.) Baker						Amaryllidaceae								Nat.?						Hort.	D		E		?	?	?				?		?					
	plants	Narcissus x incomparabilis Mill. (N. poeticus x pseudonarcissus)						Amaryllidaceae								Cas.						Hort.	D		Cult.		?	?	?				?		?					
	plants	Tristagma uniflorum (Lindl.) Traub						Amaryllidaceae								Cas.						Hort.	D		SAM		X						2012		2015					
	plants	Cotinus coggygria Scop.						Anacardiaceae								Cas.						Hort.	D		E		X	X					1957		2015					
	plants	Rhus typhina L.						Anacardiaceae								Inv.						Hort. 	D		NAM		X	X					1898		N					
	plants	Rhus x pulvinata E. Greene (R. glabra L. x typhina)						Anacardiaceae								Cas.						Hort. 	D		Hybr.			X					1983		1983					
	plants	Ammi majus L.						Apiaceae								Nat.?						Grain,…	A		E AF AS-Te		X	X	X				1813		N?					
	plants	Ammi visnaga (L.) Lam.						Apiaceae								Cas.						Grain, wool,…	A		E AF AS-Te		X	X					1880		2007					
	plants	Anethum graveolens L.						Apiaceae								Cas.						Agric.	A/D		AS-Te		X	X	X				<1850		2015					
	plants	Angelica archangelica L.						Apiaceae								Nat.						Hort., agric.	D		E AS-Te		X	X	X				<1850		N					
	plants	Anthriscus cerefolium (L.) Hoffmann						Apiaceae								Nat.?						Agric.	D		E AF		X	X	X				1859		N?					
	plants	Astrantia major L.						Apiaceae								Nat.						Hort.	D		E		X	X					1812		N					
	plants	Bifora radians Bieb.						Apiaceae								Cas.						Grain, wool,…	A		E AS-Te		X	X	X				1889		2014					
	plants	Bifora testiculata (L.) Spreng.						Apiaceae								Cas.						Grain,…	A		E AF AS-Te		X	X	X				1891		2015					
	plants	Bupleurum croceum Fenzl						Apiaceae								Cas.						Grain	A		AS-Te		X		X				1938		2004					
	plants	Bupleurum fruticosum L.						Apiaceae								Cas.						Hort.	D		E AF AS-Te			X					1975		1975					
	plants	Bupleurum gerardi All.						Apiaceae								Cas.						Grain,…	A		E AF AS-Te		X	X					1886		2010					
	plants	Bupleurum odontites L.	Bupleurum fontanesii Guss. ex Caruel					Apiaceae								Cas.						Grain,...	A		E AF AS-Te		X		X				1906		2015					
	plants	Bupleurum praealtum L.						Apiaceae								Cas.						?	A		E AS-Te		X	X					<1835		1892					
	plants	Bupleurum subovatum Link ex Spreng.						Apiaceae								Cas.						Grain, wool,…	A		E AF AS-Te		X	X	X				1876		2015					
	plants	Chaerophyllum aureum L.						Apiaceae								Nat.?						Hort.?	D?		E AS-Te		X	X					?		N?					
	plants	Chaerophyllum bulbosum L.						Apiaceae								Cas.						Grain, hort.?	A/D?		E AS-Te		X	X	X				1873		2015					
	plants	Chaerophyllum byzantinum Boiss.						Apiaceae								Cas.						Agric.	D		AS-Te			X					1989		1989					
	plants	Coriandrum sativum L.						Apiaceae								Cas.						Agric.,…	D/A		?		X	X	X				1885		2015					
	plants	Cyclospermum leptophyllum (Pers.) Sprague ex Britton et P.G. Wilson						Apiaceae								Cas.						Grain, wool	A		AM		X	X					1893		2015					
	plants	Daucus aureus Desf.						Apiaceae								Cas.						Grain, wool	A		E AF AS-Te		X	X					1921		2015					
	plants	Daucus carota L. subsp. sativus (Hoffmann) Arcang.						Apiaceae								Cas.						Agric.	D		?		X	X					?		2015					
	plants	Daucus durieua Lange						Apiaceae								Cas.						Wool	A		E AF AS-Te			X					1938		1938					
	plants	Daucus glochidiatus (Labill.) Fisch., C.A. Mey. et Avé-Lall.						Apiaceae								Cas.						Wool	A		AUS			X					1892		1949					
	plants	Eryngium bourgatii Gouan						Apiaceae								Cas.						Hort.	D		E AF AS-Te		X						2013		2013					
	plants	Eryngium giganteum Bieb.						Apiaceae								Cas.						Hort.	D		AS-Te		X	X					1978		2005					
	plants	Eryngium planum L.						Apiaceae								Cas.						Hort.	D		E AS-Te		X	X	X				1850		Ann.					
	plants	Foeniculum vulgare Mill.						Apiaceae								Nat.						Agric.	D		E AF AS-Te		X	X	X				1820		N					
	plants	Heracleum mantegazzianum Somm. et Lev.						Apiaceae								Inv.						Hort.	D		AS-Te		X	X	X				1945		N					
	plants	Imperatoria ostruthium L. 	Peucedanum ostruthium (L.) Koch					Apiaceae								Nat.						Hort.	D		E			X					1811		N					
	plants	Levisticum officinale Koch						Apiaceae								Cas.						Agric.	D		AS-Te		X	X					1870		2015					
	plants	Myrrhis odorata (L.) Scop.						Apiaceae								Nat.						Agric.	D		E		X	X	X				1811		N					
	plants	Oenanthe pimpinelloides L.						Apiaceae								Nat.						Nurseries,…	A/D		E AS-Te		X		X				1859		N					
	plants	Orlaya platycarpos Koch	Caucalis platycarpos L.					Apiaceae								Cas.						Grain	A		E AF AS-Te		X						2000		2011					
	plants	Pastinaca sativa L. subsp. sativa 						Apiaceae								Cas.						Food refuse	D		Cult.		X						?		2015					
	plants	Pastinaca sativa L. subsp. urens (Req. ex Godr.) Čelak.						Apiaceae								Nat.						Ore	A		E AS-Te		X	X	X				1947		N					
	plants	Petroselinum crispum (Mill.) Nyman ex A.W. Hill						Apiaceae								Cas.						Agric.	D		AS-Te		X	X	X				1872		2015					
	plants	Pimpinella anisum L.						Apiaceae								Cas.						Agric.	D		?		X		X				1928		2011					
	plants	Pimpinella peregrina L.						Apiaceae								Nat.?						?	A		E AF AS-Te		X						2000		N?					
	plants	Ridolfia segetum Moris						Apiaceae								Cas.						Grain, wool	A		E AF AS-Te		X	X					1921		2015					
	plants	Scandix australis L. subsp. grandiflora (L.) Thell. 						Apiaceae								Cas.						Wool?	A		E AF AS-Te			X					1894		1894					
	plants	Scandix balansae Reut. ex Boiss.						Apiaceae								Cas.						Grain	A		AS-Te		X						1997		1997					
	plants	Scandix iberica Bieb.						Apiaceae								Cas.						Wool, grain	A		AS-Te		X	X	X				1908		1955					
	plants	Scandix stellata Banks & Sol. 						Apiaceae								Cas.						?	A		E AF AS-Te				X				2013		2013					
	plants	Seseli montanum L.						Apiaceae								Cas.						?	A		E		X	X					1815		1952					
	plants	Smyrnium perfoliatum L.						Apiaceae								Cas.						Hort.	D		E AS-Te		X	X					1850		2015					
	plants	Tordylium maximum L. 						Apiaceae								Cas.						Grain,…	A		E AS-Te		X						2004		2015					
	plants	Torilis africana Spreng. 	Torilis arvensis (Huds.) Link subsp. purpurea (Ten.) Hayek					Apiaceae								Cas.						Grain	A		E AF AS-Te		X						1999		2001					
	plants	Torilis leptophylla (L.) Reichenb. f.						Apiaceae								Cas.						Wool, grain	A		E AF AS-Te			X					1872		1955					
	plants	Trachyspermum ammi (L.) Sprague ex Turrill						Apiaceae								Cas.						Wool,…	A		?			X	X				1892		1985					
	plants	Asclepias incarnata L.						Apocynaceae								Cas.						Hort.	D		NAM		X						2009		2012					
	plants	Asclepias syriaca L.						Apocynaceae								Nat.?						Hort.	D		NAM		X		X				1987		N?					
	plants	Periploca graeca L.						Apocynaceae								Cas.						Hort.	D		E AS-Te			X					1918		1918					
	plants	Vinca major L.						Apocynaceae								Nat.						Hort.	D		E AF AS-Te		X	X	X				<1835		N					
	plants	Vincetoxicum nigrum (L.) Moench						Apocynaceae								Nat.						Hort.	D		E		X	X					1877		N					
	plants	Vincetoxicum rossicum (Kleopow) Barbar.						Apocynaceae								Cas.						Hort.	D		E AS-Te		X						1965		1965					
	plants	Aponogeton distachyos L. f.						Aponogetonaceae								Nat.?						Hort.	D		AF		X	X					1993		N?					
	plants	Ilex x altaclerensis (Loudon) Dallimore (I. aquifolium L. x perado Ait.)						Aquifoliaceae								Cas.						Hort.	D		Cult.		X						2006		2015					
	plants	Ilex x meserveae S.Y. Hu (I. aquifolium L. x I. rugosa Friedr. Schmidt)						Aquifoliaceae								Cas.						Hort.	D		Cult.		X						2014		2015					
	plants	Ilex crenata Thunb.						Aquifoliaceae								Cas.						Hort.	D 		AS-Te		X						2012		2015					
	plants	Arum italicum Mill. s.l.						Araceae								Nat.						Hort.	D		E		X	X	X				1955		N					
	plants	Lemna minuta Humb., Bonpl. et Kunth						Araceae								Inv.						Waterfowl	A		AM		X	X	X				1983		N					
	plants	Lemna turionifera Landolt						Araceae								Nat.						Waterfowl	A		NAM AS-Te		X	X	X				2005		N					
	plants	Lysichiton americanus Hultén et St John x L. camtschatcensis (L.) Schott						Araceae								Inv.						Hort.	D		Cult.		X	X					1997		N					
	plants	Pistia stratiotes L.						Araceae								Cas.						Hort.	D		Trop.		X						2000		2015					
	plants	Typhonium venosum (Ait.) Hett. et Boyce	Sauromatum venosum (Ait.) Kunth					Araceae								Nat.?						Hort.	D		AS-Te		X	X					2010		N?					
	plants	Zantedeschia albomaculata (Hook.) Baill.						Araceae								Cas.						Hort.	D		AF		X						2011		2011					
	plants	Aralia cordata Thunb.						Araliaceae								Cas.						Hort.	D		AS-Te			X					1915		1948					
	plants	Aralia elata (Miq.) Seem.						Araliaceae								Nat.						Hort.	D		AS-Te		X		X				<1999		N					
	plants	Aralia racemosa L.						Araliaceae								Cas.						Hort.	D		NAM		X	 					1972		1972					
	plants	Fatsia japonica (Thunb.) Decaisne et Planch.						Araliaceae								Cas.						Hort.	D		AS-Te		X						2005		2015					
	plants	Hedera colchica K. Koch						Araliaceae								Nat.						Hort.	D		E AS-Te		X	X					1952		N					
	plants	Hedera hibernica (Kirchner) Bean						Araliaceae								Nat.						Hort.	D		E		X	X					?		N					
	plants	Hedera maroccana McAllister						Araliaceae								Cas.						Hort.	D		AF		X						2010		2010					
	plants	Hydrocotyle novae-zelandiae DC.						Araliaceae								Nat.						?	A		AUS		X						1984		N					
	plants	Hydrocotyle ranunculoides L. f.						Araliaceae								Inv.						Hort.	D		NAM		X	X	X				1992		N					
	plants	Hydrocotyle verticillata Thunb.						Araliaceae								Cas.						Hort.	D		AM		X						2009		2014					
	plants	Araucaria araucana (Molina) K. Koch						Araucariaceae								Cas.						Hort.	D		SAM				X				2009		2009					
	plants	Phoenix dactylifera L.						Arecaceae								Cas.						Food refuse	D		AF AS-Te		X	X	X				1945		2015					
	plants	Trachycarpus fortunei (Hook.) H. Wendl.						Arecaceae								Cas.						Hort.	D		AS-Te		X						2015		2015					
	plants	Aristolochia clematitis L.						Aristolochiaceae								Nat.						Hort.	D		E AS-Te		X	X	X				1828		N					
	plants	Aristolochia rotunda L.						Aristolochiaceae								Cas.						?	A		E				X				1952		1952					
	plants	Asarum europaeum L.						Aristolochiaceae								Nat.						Hort.	D		E AS-Te		X	X					1811		N					
	plants	Isotrema macrophyllum (Lam.) C. Reed	Aristolochia macrophylla Lam.					Aristolochiaceae								Nat.?						Hort.	D		NAM			X					<1999		N?					
	plants	Agave americana L.						Asparagaceae								Cas.						Hort.	D		NAM			X					2007		2007					
	plants	Camassia leichtlinii (Baker) S. Watson subsp. suksdorfii (Greenman) Gould						Asparagaceae								Cas.						Hort.	D		NAM		X						2013		2014					
	plants	Chionodoxa luciliae Boiss.						Asparagaceae								Nat.?						Hort.	D		AS-Te		X	X	X				1984		N?					
	plants	Chionodoxa sardensis Whittall ex Barr et Sugd.						Asparagaceae								Nat.?						Hort.	D		AS-Te				X				1987		N?					
	plants	Chlorophytum comosum group						Asparagaceae								Cas.						Hort.	D 		Cult.		X						2011		2015					
	plants	Danae racemosa (L.) Moench						Asparagaceae								Cas.						Hort.	D		AS-Te		X						2015		2015					
	plants	Honorius nutans (L.) Gray	Ornithogalum nutans L.					Asparagaceae								Cas.						Hort., seeds	D/A		E AS-Te		X	X	X				<1835		2014					
	plants	Hosta spec.						Asparagaceae								Cas.						Hort.	D		?		X						2005		2015					
	plants	Hyacinthoides hispanica (Mill.) Rothm.						Asparagaceae								Nat.						Hort.	D		E AF		X	X	X				1882		N					
	plants	Hyacinthoides x massartiana Geerinck (H. hispanica x non-scripta (L.) Chouard ex Rothm.)						Asparagaceae								Inv.						Hort.	D		Hybr.		X	X	X				1977		N					
	plants	Hyacinthus orientalis L.						Asparagaceae								Cas.						Hort.	D		AS-Te		X	X					1977		2015					
	plants	Loncomelos brevistylus (Wolfner ) Dostál 	Ornithogalum pyramidale L., O. brevistylum Wolfner					Asparagaceae								Cas.?						Hort.	D		E		X	X					1987		2013					
	plants	Loncomelos narbonense (L.) Raf.	Ornithogalum narbonense L.					Asparagaceae								Cas.						Grain	A		E AF AS-Te		X						2001		2011					
	plants	Maianthemum dilatatum (Alph. Wood) A. Nelson & J. F. Macbride						Asparagaceae								Cas.?						Hort.	D		NAM AS-Te		X						2013		2013					
	plants	Muscari armeniacum Leichtlin ex Baker						Asparagaceae								Nat.						Hort.	D		E AS-Te		X	X					1975?		N					
	plants	Muscari latifolium Kirk.						Asparagaceae								Cas.						Hort.	D		AS-Te		X						2014		2014					
	plants	Ornithogalum divergens Boreau 	O. umbellatum subsp. divergens (Boreau) Bonnier et Layens					Asparagaceae								Nat.?						Hort.	D		E AS-Te		X	X	X				1919		N?					
	plants	Polygonatum x hybridum Brügger (P. odoratum (Mill.) Druce x P. multiflorum (L.) All.)						Asparagaceae								Cas.						Hort.	D		Cult.		X						2009		2015					
	plants	Ruscus aculeatus L.						Asparagaceae								Cas.						Hort.	D		E AF AS-Te		X	X					<1800		2013					
	plants	Scilla siberica Haw.						Asparagaceae								Nat.?						Hort.	D		AS-Te		X	X	X				1984		N?					
	plants	Yucca flaccida Haworth	Y. filamentosa L. s.l.					Asparagaceae								Nat.?						Hort.	D		NAM		X						2001		N?					
	plants	Yucca gloriosa L.						Asparagaceae								Nat.						Hort.	D		NAM		X	X					2001		N					
	plants	Acanthospermum hispidum DC.						Asteraceae								Cas.						Grain	A		SAM		X						1997		2005					
	plants	Achillea ageratum L.						Asteraceae								Cas.						Hort.	D		E AF		X						1953		1960					
	plants	Achillea cartilaginea Ledeb. ex Reichenb. s.l.	Incl. A. salicifolia Besser					Asteraceae								Cas.						Hort.	D?		E AS-Te		X						1986		1986					
	plants	Achillea collina J. Becker ex Reichenb.						Asteraceae								Nat.?						Ore?	A		E		X						?		N?					
	plants	Achillea filipendulina Lam.						Asteraceae								Cas.						Hort.	D		AS-Te		X	X					1944		2015					
	plants	Achillea nobilis L.						Asteraceae								Nat.						Grain, wool, hort.	A/D		E AS-Te		X	X	X				1880		N					
	plants	Achillea setacea Waldst. et Kit.						Asteraceae								Cas.						Grain?	A		E AS-Te		X						1885		1886					
	plants	Acmella spec.						Asteraceae								Cas.						Wool	A		Trop.			X					1955		1955					
	plants	Acmella oleracea (L.) R.K.Jansen						Asteraceae								Cas.						Hort.	D		SAM		X						2008		2008					
	plants	Adenostyles alliariae (Gouan) A. Kerner						Asteraceae								Cas.						?	A?		E			X					1971		1971					
	plants	Ageratina altissima (L.) King et Robinson 	Eupatorium rugosum Houtt.					Asteraceae								Cas.						Hort.?	D?		NAM			X					1953		2011					
	plants	Ageratum houstonianum Mill.						Asteraceae								Cas.						Hort.	D		AM		X	X	X				1908		2014					
	plants	Amberboa moschata (L.) DC.	Centaurea moschata L.					Asteraceae								Cas.						Hort.	D		E AS				X				1952		1952					
